NIT,SXT,CIP,LVX,iat_prop,broad_prop
0.001,0.001,0.001,0.001,0.11158831672752803,0.014102598198529662
0.001,0.001,0.015,0.015,0.10914235518189104,0.05818245592714155
0.001,0.001,0.1,0.1,0.09848492560658324,0.2349252716376419
0.001,0.001,0.2,0.2,0.08796753214633954,0.3847380161109615
0.001,0.001,0.3,0.3,0.07710917865626292,0.5393995620267102
0.001,0.001,0.4,0.4,0.06642124999740179,0.6796465136472498
0.001,0.001,0.5,0.5,0.057984673550432964,0.7857720399316425
0.001,0.001,0.6,0.6,0.05258490860722781,0.8723385582409582
0.001,0.001,0.7,0.7,0.04849658067056549,0.9335793043715992
0.001,0.001,0.8,0.8,0.04902040350222256,0.9657264136696768
0.001,0.001,0.9,0.9,0.05170830372540799,0.9778634171375232
0.001,0.015,0.001,0.001,0.11126611424348662,0.012936316297165708
0.001,0.015,0.015,0.015,0.10883430032855368,0.05553750448094445
0.001,0.015,0.1,0.1,0.09848632880059728,0.2282153314127565
0.001,0.015,0.2,0.2,0.08815170893147761,0.3747383572817433
0.001,0.015,0.3,0.3,0.07764523506190386,0.5262750156869955
0.001,0.015,0.4,0.4,0.06723802150858926,0.6637637693609763
0.001,0.015,0.5,0.5,0.059027246761488274,0.76736021958828
0.001,0.015,0.6,0.6,0.05402002922743069,0.8489339799121798
0.001,0.015,0.7,0.7,0.050353371262212315,0.905909956769052
0.001,0.015,0.8,0.8,0.05093350062585008,0.9371437745368096
0.001,0.015,0.9,0.9,0.053143679780114826,0.9485781774003422
0.001,0.1,0.001,0.001,0.11796075512880975,0.009379368908547042
0.001,0.1,0.015,0.015,0.11617493942801728,0.041326975955215436
0.001,0.1,0.1,0.1,0.1081334352816398,0.17249203293255605
0.001,0.1,0.2,0.2,0.09928739109173808,0.2938960889156964
0.001,0.1,0.3,0.3,0.09007571737632733,0.4301769556847549
0.001,0.1,0.4,0.4,0.08073802288400275,0.5562782323282359
0.001,0.1,0.5,0.5,0.07324343292310373,0.6532932828003392
0.001,0.1,0.6,0.6,0.06882872780401048,0.7280862164874107
0.001,0.1,0.7,0.7,0.065711495788744,0.7801384395449238
0.001,0.1,0.8,0.8,0.06637576750985613,0.8102326080573702
0.001,0.1,0.9,0.9,0.06845890782778961,0.8213155979485602
0.001,0.2,0.001,0.001,0.1265260446342901,0.006972668214532707
0.001,0.2,0.015,0.015,0.12538696699911175,0.028200939956394742
0.001,0.2,0.1,0.1,0.12059378393424228,0.10055025556349476
0.001,0.2,0.2,0.2,0.11436395604244674,0.1841096564030018
0.001,0.2,0.3,0.3,0.1056869063450672,0.3095410481451768
0.001,0.2,0.4,0.4,0.0967435878328043,0.4288224048445642
0.001,0.2,0.5,0.5,0.08961478393601083,0.5218852276260714
0.001,0.2,0.6,0.6,0.08543864151779051,0.5929391156187549
0.001,0.2,0.7,0.7,0.08242003902570165,0.6426556385789733
0.001,0.2,0.8,0.8,0.0831260363966995,0.6720593727812663
0.001,0.2,0.9,0.9,0.08522338811220538,0.6830441883170894
0.001,0.3,0.001,0.001,0.13234029952232007,0.004821033271833407
0.001,0.3,0.015,0.015,0.13179184245360226,0.016156090025376414
0.001,0.3,0.1,0.1,0.1295568813869727,0.051497592689199734
0.001,0.3,0.2,0.2,0.1255483576278943,0.1049858827475392
0.001,0.3,0.3,0.3,0.1179822870741933,0.21592055722606526
0.001,0.3,0.4,0.4,0.1097422209282762,0.3249296055294126
0.001,0.3,0.5,0.5,0.10314750334468006,0.4098761803902493
0.001,0.3,0.6,0.6,0.0995744640883319,0.4740202829250526
0.001,0.3,0.7,0.7,0.09676728806063402,0.5199715420316916
0.001,0.3,0.8,0.8,0.09754222978533432,0.5481406677597547
0.001,0.3,0.9,0.9,0.09968155310027756,0.5589150773336284
0.001,0.4,0.001,0.001,0.13844454358980576,0.00295106994894209
0.001,0.4,0.015,0.015,0.1382334315170201,0.009067355330279513
0.001,0.4,0.1,0.1,0.13712382106563148,0.02728433550108837
0.001,0.4,0.2,0.2,0.13504128901520862,0.0573470295821251
0.001,0.4,0.3,0.3,0.12857334221042913,0.15200369058509766
0.001,0.4,0.4,0.4,0.12126151691584272,0.2478767368746076
0.001,0.4,0.5,0.5,0.11507384513969145,0.3219285463336412
0.001,0.4,0.6,0.6,0.11213582005846978,0.3736537494265498
0.001,0.4,0.7,0.7,0.10966416546273587,0.4129971590938767
0.001,0.4,0.8,0.8,0.11053778121653172,0.4391422364637244
0.001,0.4,0.9,0.9,0.11260636614791986,0.4493119158730751
0.001,0.5,0.001,0.001,0.14616868686029344,0.001798857132647273
0.001,0.5,0.015,0.015,0.14607044081875412,0.005396491997272303
0.001,0.5,0.1,0.1,0.14538141806796828,0.015862660847455304
0.001,0.5,0.2,0.2,0.1440295237879812,0.03558086806485373
0.001,0.5,0.3,0.3,0.1393884258887063,0.10377284410558443
0.001,0.5,0.4,0.4,0.1335113565627271,0.1790099796261157
0.001,0.5,0.5,0.5,0.12867491847612506,0.2375155069857233
0.001,0.5,0.6,0.6,0.1266783244495717,0.2767076613155812
0.001,0.5,0.7,0.7,0.12498002201204855,0.3062881471574978
0.001,0.5,0.8,0.8,0.1258828747544929,0.3296910717816849
0.001,0.5,0.9,0.9,0.12782455982678564,0.3394521263355317
0.001,0.6,0.001,0.001,0.15441890396512414,0.0014476024736888946
0.001,0.6,0.015,0.015,0.15426422932042874,0.003823101555883889
0.001,0.6,0.1,0.1,0.15382842893544346,0.010983410301057879
0.001,0.6,0.2,0.2,0.15319446088226454,0.022445761588236947
0.001,0.6,0.3,0.3,0.15101351993709344,0.05762481784517246
0.001,0.6,0.4,0.4,0.14710612299409026,0.10745690796549873
0.001,0.6,0.5,0.5,0.14380188839579114,0.151367140834107
0.001,0.6,0.6,0.6,0.14201586572251645,0.18434696037007253
0.001,0.6,0.7,0.7,0.14048551080345933,0.20959688031700194
0.001,0.6,0.8,0.8,0.1413043281525732,0.23141295213532845
0.001,0.6,0.9,0.9,0.1432181102132209,0.2408646481125051
0.001,0.7,0.001,0.001,0.1646592551027892,0.0011243274958517497
0.001,0.7,0.015,0.015,0.16460329330142562,0.0025165756821740426
0.001,0.7,0.1,0.1,0.16435019658620967,0.006974486075305817
0.001,0.7,0.2,0.2,0.16403963850212513,0.013455262577445256
0.001,0.7,0.3,0.3,0.16268986933294746,0.030461415145969874
0.001,0.7,0.4,0.4,0.16035629850730831,0.055114446273857816
0.001,0.7,0.5,0.5,0.15827337782617262,0.0814839356711021
0.001,0.7,0.6,0.6,0.15679702289483827,0.10505904772352427
0.001,0.7,0.7,0.7,0.15560410216843792,0.12485787076997044
0.001,0.7,0.8,0.8,0.15622657769322462,0.14403396397107782
0.001,0.7,0.9,0.9,0.15805639051486642,0.15286870412896275
0.001,0.8,0.001,0.001,0.17434823671398916,0.0006464038014632452
0.001,0.8,0.015,0.015,0.17430606869038212,0.001307273105472321
0.001,0.8,0.1,0.1,0.17419340113114004,0.0035309021369668986
0.001,0.8,0.2,0.2,0.17408012770465814,0.0066377387933926465
0.001,0.8,0.3,0.3,0.17333561901142774,0.013667217582525195
0.001,0.8,0.4,0.4,0.17230854782214014,0.024176798049493464
0.001,0.8,0.5,0.5,0.1708444412115414,0.037010063204195455
0.001,0.8,0.6,0.6,0.1697893663717011,0.04993758446488966
0.001,0.8,0.7,0.7,0.1692562275424892,0.061481796096249
0.001,0.8,0.8,0.8,0.16958156078708694,0.07430503195502831
0.001,0.8,0.9,0.9,0.17135391565478508,0.08180688967272183
0.001,0.9,0.001,0.001,0.1832529077758404,0.0002107012467299291
0.001,0.9,0.015,0.015,0.18323885511837185,0.00043593956612512745
0.001,0.9,0.1,0.1,0.18322469842977407,0.0009003513539348182
0.001,0.9,0.2,0.2,0.18323855230550828,0.001785978164101045
0.001,0.9,0.3,0.3,0.1830845874251647,0.00357134238044904
0.001,0.9,0.4,0.4,0.18267701645698595,0.005750074459031525
0.001,0.9,0.5,0.5,0.18235351506114544,0.008771967322025226
0.001,0.9,0.6,0.6,0.18179042614766405,0.01286413994538349
0.001,0.9,0.7,0.7,0.18158012702492704,0.018827092790279158
0.001,0.9,0.8,0.8,0.18170733620259127,0.02380206581506172
0.001,0.9,0.9,0.9,0.18335254832240008,0.029042133316411086
0.015,0.001,0.001,0.001,0.11158858540807834,0.013330502221563487
0.015,0.001,0.015,0.015,0.10931095699134824,0.05527422986760633
0.015,0.001,0.1,0.1,0.09917345969738477,0.225815006156506
0.015,0.001,0.2,0.2,0.08914858325926163,0.3712244307004173
0.015,0.001,0.3,0.3,0.07853014533224249,0.5225108306618844
0.015,0.001,0.4,0.4,0.06805335229130352,0.659678995505953
0.015,0.001,0.5,0.5,0.059744095573514414,0.7633172830933461
0.015,0.001,0.6,0.6,0.054442492787269856,0.8476209338462063
0.015,0.001,0.7,0.7,0.05039634182886595,0.9076116613860524
0.015,0.001,0.8,0.8,0.050864125542269364,0.9390851219093006
0.015,0.001,0.9,0.9,0.053411388350990914,0.9510256451734604
0.015,0.015,0.001,0.001,0.11136414549344238,0.012290598515396621
0.015,0.015,0.015,0.015,0.10910066470741628,0.05298110421724556
0.015,0.015,0.1,0.1,0.09920264034920108,0.2201747622744044
0.015,0.015,0.2,0.2,0.08933251384940659,0.3628429519928799
0.015,0.015,0.3,0.3,0.07906595554289031,0.5111733774093072
0.015,0.015,0.4,0.4,0.06885583660777869,0.6456956613441351
0.015,0.015,0.5,0.5,0.06077238158985745,0.7469032893539176
0.015,0.015,0.6,0.6,0.05584931275984563,0.8264671478709712
0.015,0.015,0.7,0.7,0.05221081831997089,0.8823899240891613
0.015,0.015,0.8,0.8,0.05273490856535499,0.9129641262002484
0.015,0.015,0.9,0.9,0.05481846375807063,0.9242160623130092
0.015,0.1,0.001,0.001,0.11797481173373132,0.008999762263212151
0.015,0.1,0.015,0.015,0.1163011536896092,0.03971153998513338
0.015,0.1,0.1,0.1,0.10856917226308978,0.16727606165917516
0.015,0.1,0.2,0.2,0.10013155358215177,0.2858243402022425
0.015,0.1,0.3,0.3,0.09108918688361872,0.4192228157665771
0.015,0.1,0.4,0.4,0.08196267151653935,0.5424979828164165
0.015,0.1,0.5,0.5,0.07456721147806346,0.6372223755622799
0.015,0.1,0.6,0.6,0.07023665506301605,0.7101172571024008
0.015,0.1,0.7,0.7,0.06716161969125202,0.7611724913858099
0.015,0.1,0.8,0.8,0.06776985229411048,0.7906070442415858
0.015,0.1,0.9,0.9,0.06974054500433667,0.8015217437358458
0.015,0.2,0.001,0.001,0.12654083605450367,0.006747828554054608
0.015,0.2,0.015,0.015,0.12547195257258653,0.02707724188964481
0.015,0.2,0.1,0.1,0.12084725667834753,0.0970636897186122
0.015,0.2,0.2,0.2,0.11494138591387924,0.17841502419796576
0.015,0.2,0.3,0.3,0.10643364323337734,0.3010904085227741
0.015,0.2,0.4,0.4,0.09768747072820083,0.4177000405990937
0.015,0.2,0.5,0.5,0.09065779675383047,0.5085563761710725
0.015,0.2,0.6,0.6,0.08656580303965597,0.5777687814647231
0.015,0.2,0.7,0.7,0.08358939719106961,0.6265163622219114
0.015,0.2,0.8,0.8,0.08422541233171116,0.655274423879636
0.015,0.2,0.9,0.9,0.08621031643950974,0.6660909490185294
0.015,0.3,0.001,0.001,0.13222814000167654,0.004666351546395462
0.015,0.3,0.015,0.015,0.1316796191660904,0.01544020255524386
0.015,0.3,0.1,0.1,0.12954302127635073,0.04957167007815412
0.015,0.3,0.2,0.2,0.12576018694540853,0.10149873843554706
0.015,0.3,0.3,0.3,0.11833534140028867,0.2099579712495269
0.015,0.3,0.4,0.4,0.11027833675441573,0.3166324380364105
0.015,0.3,0.5,0.5,0.1037827490932427,0.3995827004055211
0.015,0.3,0.6,0.6,0.10030790743107804,0.4621100569215991
0.015,0.3,0.7,0.7,0.0975429280468826,0.5071201207730437
0.015,0.3,0.8,0.8,0.09824788754122664,0.5346715305215562
0.015,0.3,0.9,0.9,0.1002747632484626,0.5452776496984999
0.015,0.4,0.001,0.001,0.13820556684186136,0.0028526791233574053
0.015,0.4,0.015,0.015,0.13798030649516513,0.00859005973728783
0.015,0.4,0.1,0.1,0.13689901266911148,0.02628600032468931
0.015,0.4,0.2,0.2,0.13495753193749335,0.05537819507002408
0.015,0.4,0.3,0.3,0.12860265272935084,0.14800858998008004
0.015,0.4,0.4,0.4,0.12147388893480855,0.2418145928728557
0.015,0.4,0.5,0.5,0.1153572216143662,0.3142778634801061
0.015,0.4,0.6,0.6,0.11248950790312273,0.3646250237624861
0.015,0.4,0.7,0.7,0.11007423882002593,0.4031812245116332
0.015,0.4,0.8,0.8,0.11089190546162432,0.4287366955966659
0.015,0.4,0.9,0.9,0.11287599935032258,0.4387660411741039
0.015,0.5,0.001,0.001,0.1456903647254863,0.0017285325433802985
0.015,0.5,0.015,0.015,0.145592118683947,0.005129939687609306
0.015,0.5,0.1,0.1,0.1449314125584962,0.015314035062833256
0.015,0.5,0.2,0.2,0.14369248758901726,0.034399439681303365
0.015,0.5,0.3,0.3,0.1390516562134732,0.10119888776781938
0.015,0.5,0.4,0.4,0.13335777520611658,0.1748182793202521
0.015,0.5,0.5,0.5,0.12856413210322273,0.2319884824743463
0.015,0.5,0.6,0.6,0.12660968439891254,0.2700700366915584
0.015,0.5,0.7,0.7,0.12492555720230765,0.2990038311469525
0.015,0.5,0.8,0.8,0.12577246083255453,0.3218451850448758
0.015,0.5,0.9,0.9,0.1276296548621574,0.3314659057668101
0.015,0.6,0.001,0.001,0.15394090317097886,0.0013772778844219206
0.015,0.6,0.015,0.015,0.15378622852628349,0.0035985884151297563
0.015,0.6,0.1,0.1,0.15337874476663318,0.010533285682754313
0.015,0.6,0.2,0.2,0.15278726765234854,0.02157385437479762
0.015,0.6,0.3,0.3,0.1506065940393892,0.055656278764942085
0.015,0.6,0.4,0.4,0.14682613427374966,0.10429239260664988
0.015,0.6,0.5,0.5,0.14355062612982444,0.14704984894317136
0.015,0.6,0.6,0.6,0.1418067497787929,0.1789752563537062
0.015,0.6,0.7,0.7,0.14029057010065396,0.20363468084296804
0.015,0.6,0.8,0.8,0.14103926198372854,0.22490335828887248
0.015,0.6,0.9,0.9,0.14286855300168638,0.23421472043413666
0.015,0.7,0.001,0.001,0.16388690880241116,0.0010680163594995733
0.015,0.7,0.015,0.015,0.16383094700104756,0.0023620173738013533
0.015,0.7,0.1,0.1,0.1636061669111666,0.0066226048347874855
0.015,0.7,0.2,0.2,0.16332401525893409,0.012878296943746237
0.015,0.7,0.3,0.3,0.16197430635519325,0.02927949833733105
0.015,0.7,0.4,0.4,0.15971120701155564,0.053144805895883336
0.015,0.7,0.5,0.5,0.15761476695059656,0.07862866335310982
0.015,0.7,0.6,0.6,0.1561805583415054,0.10131808899651047
0.015,0.7,0.7,0.7,0.1550018128560232,0.120582603584971
0.015,0.7,0.8,0.8,0.1555541629147707,0.13928100399010218
0.015,0.7,0.9,0.9,0.15729948469372262,0.14798935342817715
0.015,0.8,0.001,0.001,0.17325270155244582,0.0006464038014632452
0.015,0.8,0.015,0.015,0.1732105335288388,0.0012509976120721035
0.015,0.8,0.1,0.1,0.17311204232343844,0.003375809995009357
0.015,0.8,0.2,0.2,0.17301287326931195,0.00632823081157124
0.015,0.8,0.3,0.3,0.17229638306722408,0.013076047934775887
0.015,0.8,0.4,0.4,0.17132576990702308,0.023079237098641882
0.015,0.8,0.5,0.5,0.16986222059107087,0.035392654731275064
0.015,0.8,0.6,0.6,0.16883527862055894,0.04770109219141885
0.015,0.8,0.7,0.7,0.16833045530375845,0.05882314248116965
0.015,0.8,0.8,0.8,0.16866982166651506,0.07132341895837549
0.015,0.8,0.9,0.9,0.17035768549152328,0.07869888595625904
0.015,0.9,0.001,0.001,0.18176322340621331,0.0002107012467299291
0.015,0.9,0.015,0.015,0.1817491707487448,0.0004218152723398168
0.015,0.9,0.1,0.1,0.18174919041398888,0.0008580018161700361
0.015,0.9,0.2,0.2,0.18176304428972306,0.0017015730403228788
0.015,0.9,0.3,0.3,0.18160907940937945,0.0033462500329267783
0.015,0.9,0.4,0.4,0.18121568479504244,0.005426857711684447
0.015,0.9,0.5,0.5,0.18090633167311249,0.008279726673010098
0.015,0.9,0.6,0.6,0.18038538908187435,0.012090611548952836
0.015,0.9,0.7,0.7,0.1802034054715488,0.017743692562767664
0.015,0.9,0.8,0.8,0.1803446477673718,0.022507783352604626
0.015,0.9,0.9,0.9,0.1819053688444908,0.02763547358705888
0.1,0.001,0.001,0.001,0.11172914062768566,0.011111282667465982
0.1,0.001,0.015,0.015,0.1099708182041832,0.04318622585954263
0.1,0.001,0.1,0.1,0.10194192213927357,0.17950518694519274
0.1,0.001,0.2,0.2,0.09356242350826116,0.2988360968993384
0.1,0.001,0.3,0.3,0.08480303703154317,0.4281022978029355
0.1,0.001,0.4,0.4,0.07549438209120851,0.5517329989893678
0.1,0.001,0.5,0.5,0.06763376093872772,0.6470740142571796
0.1,0.001,0.6,0.6,0.06264264939206066,0.7260759158593081
0.1,0.001,0.7,0.7,0.058737917668502386,0.7832817233887688
0.1,0.001,0.8,0.8,0.05907850459468445,0.8131515173981219
0.1,0.001,0.9,0.9,0.06142867161149431,0.8247685144057353
0.1,0.015,0.001,0.001,0.11133582286640392,0.010141822272996924
0.1,0.015,0.015,0.015,0.10961980980043087,0.04135800327094462
0.1,0.015,0.1,0.1,0.10175984921020692,0.1753153827384113
0.1,0.015,0.2,0.2,0.09356347915359632,0.2925952207690631
0.1,0.015,0.3,0.3,0.08511358727393308,0.4194127293786088
0.1,0.015,0.4,0.4,0.07605752589873299,0.540635894543992
0.1,0.015,0.5,0.5,0.06842270644612009,0.6336586364404588
0.1,0.015,0.6,0.6,0.0637541171247191,0.7083854589320855
0.1,0.015,0.7,0.7,0.060257263438493774,0.761974291278729
0.1,0.015,0.8,0.8,0.060696116669520885,0.7910290924779729
0.1,0.015,0.9,0.9,0.06258257607032486,0.8019575023341876
0.1,0.1,0.001,0.001,0.11531772395637045,0.007903692523752653
0.1,0.1,0.015,0.015,0.1139809962306089,0.03318781856522676
0.1,0.1,0.1,0.1,0.1076272065391671,0.13918815427063486
0.1,0.1,0.2,0.2,0.1005675768169384,0.23887910274305674
0.1,0.1,0.3,0.3,0.09328532945529776,0.3530579458409676
0.1,0.1,0.4,0.4,0.08527078271922706,0.4638498080941889
0.1,0.1,0.5,0.5,0.07829565789310719,0.5508249402198471
0.1,0.1,0.6,0.6,0.07416359283392363,0.6192626032994236
0.1,0.1,0.7,0.7,0.07121550282078817,0.6682938415925489
0.1,0.1,0.8,0.8,0.07172448495637483,0.6962230069893962
0.1,0.1,0.9,0.9,0.07349808187468937,0.7068141802271104
0.1,0.2,0.001,0.001,0.12222464189980965,0.006087828594247416
0.1,0.2,0.015,0.015,0.12142177963958653,0.023352265185310028
0.1,0.2,0.1,0.1,0.11759863805033828,0.08293148408097825
0.1,0.2,0.2,0.2,0.1125211669679221,0.15241572696856148
0.1,0.2,0.3,0.3,0.10563279955127212,0.2578553747478832
0.1,0.2,0.4,0.4,0.09792803466691544,0.3625446675722527
0.1,0.2,0.5,0.5,0.0913185559259042,0.4459599617737681
0.1,0.2,0.6,0.6,0.08745310105205159,0.5109533950138727
0.1,0.2,0.7,0.7,0.0846036405620938,0.5577754696270374
0.1,0.2,0.8,0.8,0.08512653176154568,0.5850702425437314
0.1,0.2,0.9,0.9,0.08691434007743255,0.5955632414260783
0.1,0.3,0.001,0.001,0.12696889370367254,0.0043010440068564785
0.1,0.3,0.015,0.015,0.12650435340400915,0.013739955251563423
0.1,0.3,0.1,0.1,0.12470528351873827,0.04321734641633922
0.1,0.3,0.2,0.2,0.12132954538062315,0.08770611638088167
0.1,0.3,0.3,0.3,0.1152845918054253,0.1812638672208861
0.1,0.3,0.4,0.4,0.10817057103553053,0.27704338179115234
0.1,0.3,0.5,0.5,0.10205306140237508,0.35307278544354964
0.1,0.3,0.6,0.6,0.0988187916986912,0.4118590684939885
0.1,0.3,0.7,0.7,0.09618075767312433,0.4550556727835121
0.1,0.3,0.8,0.8,0.09675865011417607,0.4812277240593009
0.1,0.3,0.9,0.9,0.09858843002950032,0.4915103169796986
0.1,0.4,0.001,0.001,0.13232702020673445,0.002642149618569232
0.1,0.4,0.015,0.015,0.1321436595371583,0.007564995842661469
0.1,0.4,0.1,0.1,0.13120281197453276,0.02277112666118156
0.1,0.4,0.2,0.2,0.12948611756816011,0.04758932491293068
0.1,0.4,0.3,0.3,0.1243706804896553,0.12779297022025454
0.1,0.4,0.4,0.4,0.1180865486682954,0.2120272359681452
0.1,0.4,0.5,0.5,0.11230602355890024,0.2785667209034558
0.1,0.4,0.6,0.6,0.1096783281826151,0.325679120721836
0.1,0.4,0.7,0.7,0.10734772220494153,0.3626464641398645
0.1,0.4,0.8,0.8,0.10803832179324767,0.3868924605411153
0.1,0.4,0.9,0.9,0.10986737547604764,0.39664033544802063
0.1,0.5,0.001,0.001,0.13916329814112574,0.0016021490420513734
0.1,0.5,0.015,0.015,0.13907897554644502,0.0046529476206837094
0.1,0.5,0.1,0.1,0.13848863612024734,0.013459168464233156
0.1,0.5,0.2,0.2,0.13740417792256046,0.029789936446516462
0.1,0.5,0.3,0.3,0.13352450528373447,0.08869581595367326
0.1,0.5,0.4,0.4,0.12839358658172798,0.15533459147837916
0.1,0.5,0.5,0.5,0.12382399873994615,0.207679586811504
0.1,0.5,0.6,0.6,0.12205306497878525,0.2430882859448092
0.1,0.5,0.7,0.7,0.12043950844115488,0.27086936564341635
0.1,0.5,0.8,0.8,0.12117347362677595,0.2925567396481136
0.1,0.5,0.9,0.9,0.12287562745048056,0.30189598969951503
0.1,0.6,0.001,0.001,0.1466946862137369,0.0012931006763166662
0.1,0.6,0.015,0.015,0.1465679681340589,0.0032622946851449145
0.1,0.6,0.1,0.1,0.14620286696183996,0.009212389322774172
0.1,0.6,0.2,0.2,0.14565370107066522,0.018748719255184475
0.1,0.6,0.3,0.3,0.14372614064810973,0.04904936222465645
0.1,0.6,0.4,0.4,0.14031142109699973,0.0931828785218325
0.1,0.6,0.5,0.5,0.13716161334500615,0.13235437333454686
0.1,0.6,0.6,0.6,0.13560134185656447,0.16187377829936292
0.1,0.6,0.7,0.7,0.13412776691703346,0.18553470898922145
0.1,0.6,0.8,0.8,0.13476352035548236,0.20567773116965213
0.1,0.6,0.9,0.9,0.1364377711675419,0.2147076226443836
0.1,0.7,0.001,0.001,0.15545996642177368,0.0009979794228875316
0.1,0.7,0.015,0.015,0.15541794773251272,0.0021518322038281547
0.1,0.7,0.1,0.1,0.1552214139271546,0.005738003317741457
0.1,0.7,0.2,0.2,0.15495316367331866,0.011305440777743744
0.1,0.7,0.3,0.3,0.15371607372714502,0.02597836473848868
0.1,0.7,0.4,0.4,0.15155139397524492,0.047916686804117065
0.1,0.7,0.5,0.5,0.14955257520556287,0.07105285112503572
0.1,0.7,0.6,0.6,0.14833026800688276,0.09178619972366996
0.1,0.7,0.7,0.7,0.14719412726000855,0.11015042507139812
0.1,0.7,0.8,0.8,0.14763353887413033,0.1278212270673691
0.1,0.7,0.9,0.9,0.1492238204471839,0.13624810583491134
0.1,0.8,0.001,0.001,0.1638559947541065,0.0006323706833043901
0.1,0.8,0.015,0.015,0.16381382673049946,0.001166883120557521
0.1,0.8,0.1,0.1,0.1637294757965923,0.0030383676185101608
0.1,0.8,0.2,0.2,0.16364442686864786,0.005680929814315353
0.1,0.8,0.3,0.3,0.16292804594773572,0.0116836958652672
0.1,0.8,0.4,0.4,0.1620418607275703,0.020813330499125742
0.1,0.8,0.5,0.5,0.16061976909355447,0.03183410296161434
0.1,0.8,0.6,0.6,0.15980458316322374,0.04294582752190816
0.1,0.8,0.7,0.7,0.15932818823118938,0.053364838709993714
0.1,0.8,0.8,0.8,0.15963897881725975,0.065203763076815
0.1,0.8,0.9,0.9,0.1611718024363697,0.07231177285708065
0.1,0.9,0.001,0.001,0.1712826106003804,0.0002107012467299291
0.1,0.9,0.015,0.015,0.17126855794291185,0.000393709372976315
0.1,0.9,0.1,0.1,0.17126857760815592,0.0007877400352916652
0.1,0.9,0.2,0.2,0.17129651202458285,0.0015473091782594699
0.1,0.9,0.3,0.3,0.17117067661958535,0.0029951654638461717
0.1,0.9,0.4,0.4,0.17081946448118848,0.004836939696072419
0.1,0.9,0.5,0.5,0.17053794292862312,0.007296642393952412
0.1,0.9,0.6,0.6,0.17011615415476172,0.01062840836495132
0.1,0.9,0.7,0.7,0.16994845065529174,0.015803512246128068
0.1,0.9,0.8,0.8,0.17008919918272508,0.02018815982377235
0.1,0.9,0.9,0.9,0.17150905640778752,0.025090688660394867
0.2,0.001,0.001,0.001,0.11184122974493957,0.009649806873416784
0.2,0.001,0.015,0.015,0.11025044825474872,0.034668407047861845
0.2,0.001,0.1,0.1,0.1041755163276598,0.13325335371869812
0.2,0.001,0.2,0.2,0.09755482608653013,0.22381470408925427
0.2,0.001,0.3,0.3,0.08983453403669213,0.3292942769672782
0.2,0.001,0.4,0.4,0.08159539474386067,0.4353240053007679
0.2,0.001,0.5,0.5,0.07456428449552148,0.5217099971617303
0.2,0.001,0.6,0.6,0.06988254822343598,0.5952429773626736
0.2,0.001,0.7,0.7,0.06606164952834029,0.649554436379822
0.2,0.001,0.8,0.8,0.06627469428983923,0.6776953052664352
0.2,0.001,0.9,0.9,0.06845572466231095,0.6890305470843087
0.2,0.015,0.001,0.001,0.11143498305663982,0.008722168823221941
0.2,0.015,0.015,0.015,0.10984420156644902,0.033050674339668976
0.2,0.015,0.1,0.1,0.1039100237219763,0.12980805346909002
0.2,0.015,0.2,0.2,0.09745805498617988,0.2188664792524248
0.2,0.015,0.3,0.3,0.09003315316104119,0.32224984385518424
0.2,0.015,0.4,0.4,0.08203255854320665,0.4261397107263091
0.2,0.015,0.5,0.5,0.07519906018797876,0.5104181276384556
0.2,0.015,0.6,0.6,0.07072724404290046,0.5800847857898935
0.2,0.015,0.7,0.7,0.0672722636122734,0.631074042034357
0.2,0.015,0.8,0.8,0.06761145391078897,0.6584701427198997
0.2,0.015,0.9,0.9,0.06934271977935742,0.6691307404984771
0.2,0.1,0.001,0.001,0.11332104411114345,0.007018341232055613
0.2,0.1,0.015,0.015,0.11202586407183676,0.027198097804102008
0.2,0.1,0.1,0.1,0.10711959906762578,0.10626322281485312
0.2,0.1,0.2,0.2,0.1015933763084856,0.18235945476513427
0.2,0.1,0.3,0.3,0.09520984778242828,0.27581647846003826
0.2,0.1,0.4,0.4,0.08820867724593083,0.3705263984152711
0.2,0.1,0.5,0.5,0.08200677158865424,0.4493890670105351
0.2,0.1,0.6,0.6,0.07804323898543405,0.5131465790380909
0.2,0.1,0.7,0.7,0.07512322378116339,0.5598030732118127
0.2,0.1,0.8,0.8,0.07553272416592123,0.5861435336231561
0.2,0.1,0.9,0.9,0.07715112755200024,0.5964809082361474
0.2,0.2,0.001,0.001,0.11799043087934764,0.005511469908261045
0.2,0.2,0.015,0.015,0.11715930178367645,0.020035519698855458
0.2,0.2,0.1,0.1,0.11382723017344965,0.0689246618344663
0.2,0.2,0.2,0.2,0.10944011553674256,0.1247043902454642
0.2,0.2,0.3,0.3,0.10332416159631216,0.2121382979056702
0.2,0.2,0.4,0.4,0.09664688105239974,0.30122355768793785
0.2,0.2,0.5,0.5,0.0908106214802318,0.3769329816948993
0.2,0.2,0.6,0.6,0.08707144488906851,0.4375133430947469
0.2,0.2,0.7,0.7,0.0842358828541337,0.4820451905751602
0.2,0.2,0.8,0.8,0.08464541882883889,0.507765131980268
0.2,0.2,0.9,0.9,0.08627803361249027,0.518018508591734
0.2,0.3,0.001,0.001,0.12138559585025124,0.00406181010504458
0.2,0.3,0.015,0.015,0.12087871149535664,0.012489641424369046
0.2,0.3,0.1,0.1,0.1191493914465908,0.03786338199400272
0.2,0.3,0.2,0.2,0.1161118378047906,0.07465883535424303
0.2,0.3,0.3,0.3,0.11072686361422043,0.1528958045887918
0.2,0.3,0.4,0.4,0.10461193952684286,0.2339707092283522
0.2,0.3,0.5,0.5,0.09923933865127137,0.3029391147411046
0.2,0.3,0.6,0.6,0.09610321262175006,0.3578737747271675
0.2,0.3,0.7,0.7,0.09347900671039401,0.3989903969322676
0.2,0.3,0.8,0.8,0.09394354392669907,0.42364361539458617
0.2,0.3,0.9,0.9,0.0956181303097878,0.433686586044103
0.2,0.4,0.001,0.001,0.1258571016064247,0.002571420154045121
0.2,0.4,0.015,0.015,0.12561753110236054,0.0070168407003363895
0.2,0.4,0.1,0.1,0.12469048301306444,0.020170255077356158
0.2,0.4,0.2,0.2,0.12314258165990816,0.040602700333829865
0.2,0.4,0.3,0.3,0.11851880638862422,0.1079734420903666
0.2,0.4,0.4,0.4,0.1131069696229999,0.17912287150481926
0.2,0.4,0.5,0.5,0.10800156269865133,0.239331533894094
0.2,0.4,0.6,0.6,0.105457326862848,0.28339377575950075
0.2,0.4,0.7,0.7,0.10314082991130602,0.3186732586133221
0.2,0.4,0.8,0.8,0.1037181999805202,0.3415132989630216
0.2,0.4,0.9,0.9,0.10540627828318813,0.3510641224588331
0.2,0.5,0.001,0.001,0.1311018316505183,0.0015597202251543649
0.2,0.5,0.015,0.015,0.13096122888053735,0.004343577041000668
0.2,0.5,0.1,0.1,0.1303849300598268,0.012109564422972549
0.2,0.5,0.2,0.2,0.1294132199615216,0.025657384044847485
0.2,0.5,0.3,0.3,0.12587142438561447,0.0762580695358818
0.2,0.5,0.4,0.4,0.12154247143918046,0.13280786331528271
0.2,0.5,0.5,0.5,0.11740875224900628,0.18032724717855456
0.2,0.5,0.6,0.6,0.11573550170588545,0.21347269803107208
0.2,0.5,0.7,0.7,0.1141360309675407,0.2399601921279068
0.2,0.5,0.8,0.8,0.1147567666340699,0.26028343242532703
0.2,0.5,0.9,0.9,0.11633224713713901,0.2694399331251312
0.2,0.6,0.001,0.001,0.13726902056791238,0.0012506718594196575
0.2,0.6,0.015,0.015,0.13710011078856116,0.003065080159208977
0.2,0.6,0.1,0.1,0.1367490502218293,0.008340281005171183
0.2,0.6,0.2,0.2,0.13628453074279553,0.016527723968654283
0.2,0.6,0.3,0.3,0.13442762125615226,0.04342608564823593
0.2,0.6,0.4,0.4,0.13149170392842638,0.08153354880066982
0.2,0.6,0.5,0.5,0.12865115067377791,0.11725950981658904
0.2,0.6,0.6,0.6,0.12720288643087613,0.14483890426719528
0.2,0.6,0.7,0.7,0.12574346763144298,0.16738811637111542
0.2,0.6,0.8,0.8,0.12628003255051912,0.18629349772231604
0.2,0.6,0.9,0.9,0.12782761004194315,0.1951406398454502
0.2,0.7,0.001,0.001,0.14500464724464696,0.0009555506059905236
0.2,0.7,0.015,0.015,0.1449343799678154,0.002010784628294681
0.2,0.7,0.1,0.1,0.14475188676794434,0.005260246463437979
0.2,0.7,0.2,0.2,0.14452631474540864,0.010181111982887249
0.2,0.7,0.3,0.3,0.14334539662438567,0.02346342561032841
0.2,0.7,0.4,0.4,0.1412934779865278,0.04326293826580596
0.2,0.7,0.5,0.5,0.13942209075973155,0.06457167648176522
0.2,0.7,0.6,0.6,0.1383259470154361,0.08391192866648832
0.2,0.7,0.7,0.7,0.13721783588257758,0.101332777686944
0.2,0.7,0.8,0.8,0.1375580589773266,0.11778006314747025
0.2,0.7,0.9,0.9,0.1390216672297447,0.12602419256341518
0.2,0.8,0.001,0.001,0.15285409302445546,0.0006040821379005946
0.2,0.8,0.015,0.015,0.15278367641327778,0.0010399758165172603
0.2,0.8,0.1,0.1,0.15272751435876836,0.002757006182724345
0.2,0.8,0.2,0.2,0.15262858375483862,0.005118098500109013
0.2,0.8,0.3,0.3,0.1519401991856869,0.010516273348336694
0.2,0.8,0.4,0.4,0.15112430178440847,0.01861860574805492
0.2,0.8,0.5,0.5,0.14981530664807766,0.02878125544642012
0.2,0.8,0.6,0.6,0.14909815463670226,0.03900646791307337
0.2,0.8,0.7,0.7,0.14863570877799082,0.048778422628537633
0.2,0.8,0.8,0.8,0.14888977832548095,0.05985721667739526
0.2,0.8,0.9,0.9,0.15029592862395544,0.06679649055897842
0.2,0.9,0.001,0.001,0.15969083302743353,0.0002107012467299291
0.2,0.9,0.015,0.015,0.15966265607617966,0.0003795850791910043
0.2,0.9,0.1,0.1,0.15966267574142373,0.0007455691704327012
0.2,0.9,0.2,0.2,0.15969061015785066,0.0013921008539848605
0.2,0.9,0.3,0.3,0.15956477475285316,0.0026569859125562018
0.2,0.9,0.4,0.4,0.1592135626144563,0.004358376054709276
0.2,0.9,0.5,0.5,0.1589600551150583,0.00670555669369628
0.2,0.9,0.6,0.6,0.1585521573371264,0.009727664548239754
0.2,0.9,0.7,0.7,0.1583845371317225,0.014494404893774397
0.2,0.9,0.8,0.8,0.15853916375794802,0.01865368217794691
0.2,0.9,0.9,0.9,0.15983270660976898,0.02342989664132792
0.3,0.001,0.001,0.001,0.11192553072564099,0.008595151781516566
0.3,0.001,0.015,0.015,0.11067222063772968,0.027778151450243392
0.3,0.001,0.1,0.1,0.10600285328771766,0.0935078007003111
0.3,0.001,0.2,0.2,0.10084418124577847,0.15899581534887022
0.3,0.001,0.3,0.3,0.09485283979572226,0.2409214851581569
0.3,0.001,0.4,0.4,0.08759590364484593,0.3283440867316464
0.3,0.001,0.5,0.5,0.08137954562376394,0.40391823157448015
0.3,0.001,0.6,0.6,0.07706288993432328,0.4712080986076623
0.3,0.001,0.7,0.7,0.0733398358677355,0.5223420676630914
0.3,0.001,0.8,0.8,0.07362301920348269,0.5489801387857799
0.3,0.001,0.9,0.9,0.07563529907036247,0.5599495848721111
0.3,0.015,0.001,0.001,0.1115044592553638,0.007709886612677654
0.3,0.015,0.015,0.015,0.11026525353980787,0.02632958506835104
0.3,0.015,0.1,0.1,0.1057083876261461,0.0906535183939786
0.3,0.015,0.2,0.2,0.10073251366611673,0.15489171411646305
0.3,0.015,0.3,0.3,0.09498017016711137,0.2351014952712932
0.3,0.015,0.4,0.4,0.0879198507646801,0.32063790513915563
0.3,0.015,0.5,0.5,0.08188716152460676,0.3943148912254592
0.3,0.015,0.6,0.6,0.07771043069902013,0.4581179267446821
0.3,0.015,0.7,0.7,0.07431115597727192,0.5061407590444997
0.3,0.015,0.8,0.8,0.07472048485003575,0.5320481862599031
0.3,0.015,0.9,0.9,0.0762970412127314,0.5423570293066572
0.3,0.1,0.001,0.001,0.11243296661505804,0.006357658067244315
0.3,0.1,0.015,0.015,0.11140531986124956,0.022179140948745544
0.3,0.1,0.1,0.1,0.10758093604553094,0.07551869085320198
0.3,0.1,0.2,0.2,0.10332015626908272,0.13071822165850794
0.3,0.1,0.3,0.3,0.09836958701764638,0.20350433512805127
0.3,0.1,0.4,0.4,0.09221006332103653,0.28112600641884355
0.3,0.1,0.5,0.5,0.08669694828941019,0.3500601979028274
0.3,0.1,0.6,0.6,0.08297209538828706,0.4085591200542095
0.3,0.1,0.7,0.7,0.08010756693524923,0.4525441394817187
0.3,0.1,0.8,0.8,0.0805872762350675,0.4774660997168314
0.3,0.1,0.9,0.9,0.08206498356818852,0.4874657330509141
0.3,0.2,0.001,0.001,0.11536095399132948,0.005174172481983328
0.3,0.2,0.015,0.015,0.11467064323847015,0.017083394233111927
0.3,0.2,0.1,0.1,0.1119987453954647,0.05353084173362327
0.3,0.2,0.2,0.2,0.10839810333920244,0.09690902616670163
0.3,0.2,0.3,0.3,0.10363072412942703,0.16520583772145192
0.3,0.2,0.4,0.4,0.09783730624488206,0.2379194982894484
0.3,0.2,0.5,0.5,0.0926476508627804,0.3041221516434435
0.3,0.2,0.6,0.6,0.08914741503349154,0.3596834262413461
0.3,0.2,0.7,0.7,0.08638137286794842,0.40162849661075495
0.3,0.2,0.8,0.8,0.08686111775771405,0.425929937839632
0.3,0.2,0.9,0.9,0.08836704994132223,0.4358595866251044
0.3,0.3,0.001,0.001,0.11786768368454185,0.00389308168418999
0.3,0.3,0.015,0.015,0.1174309483451077,0.011267205104006698
0.3,0.3,0.1,0.1,0.11595448136656905,0.03178930688308468
0.3,0.3,0.2,0.2,0.11339544764436164,0.06093111924222085
0.3,0.3,0.3,0.3,0.10926094964432716,0.12171783264202225
0.3,0.3,0.4,0.4,0.10398791995461958,0.18781177234753887
0.3,0.3,0.5,0.5,0.0992058340202323,0.24801743013256
0.3,0.3,0.6,0.6,0.09626662124650323,0.2983961777963216
0.3,0.3,0.7,0.7,0.09367000727798708,0.3370242203439911
0.3,0.3,0.8,0.8,0.09417672975655714,0.36034278783499546
0.3,0.3,0.9,0.9,0.09572463353960267,0.37006203065851856
0.3,0.4,0.001,0.001,0.12156753483902202,0.0024590199438458034
0.3,0.4,0.015,0.015,0.12139803601757253,0.006355996566346026
0.3,0.4,0.1,0.1,0.1205689348885872,0.01707641111371079
0.3,0.4,0.2,0.2,0.11928819961202927,0.03307822425773595
0.3,0.4,0.3,0.3,0.11573182207075773,0.08509425671009023
0.3,0.4,0.4,0.4,0.11109172238329934,0.14287929144390615
0.3,0.4,0.5,0.5,0.10661901472187066,0.19554756791963995
0.3,0.4,0.6,0.6,0.10422893436029468,0.23588335143697264
0.3,0.4,0.7,0.7,0.10192601589867774,0.2690254576350564
0.3,0.4,0.8,0.8,0.10254543125116007,0.29060080184582315
0.3,0.4,0.9,0.9,0.10409304674260914,0.29988420678834204
0.3,0.5,0.001,0.001,0.12549077128879,0.001489420539001835
0.3,0.5,0.015,0.015,0.12539218574878971,0.003992187669333677
0.3,0.5,0.1,0.1,0.12488625172904948,0.010379198795508441
0.3,0.5,0.2,0.2,0.12406921704143588,0.02090165566034102
0.3,0.5,0.3,0.3,0.12114517652881047,0.0610373681524841
0.3,0.5,0.4,0.4,0.1173631366971218,0.10723244209596336
0.3,0.5,0.5,0.5,0.11374882106914595,0.1490274784458257
0.3,0.5,0.6,0.6,0.11220175113037792,0.17938907472347293
0.3,0.5,0.7,0.7,0.11062990841722163,0.20434418373345808
0.3,0.5,0.8,0.8,0.11126442056672843,0.2235014173054685
0.3,0.5,0.9,0.9,0.11269943825857873,0.23240480151147666
0.3,0.6,0.001,0.001,0.13034845248614496,0.0011803721732671275
0.3,0.6,0.015,0.015,0.1302215599367744,0.002868163759748893
0.3,0.6,0.1,0.1,0.12991273469566672,0.007327160369974006
0.3,0.6,0.2,0.2,0.1294621200031331,0.014416660883319584
0.3,0.6,0.3,0.3,0.1278871738844342,0.03793897448778977
0.3,0.6,0.4,0.4,0.12528656384309753,0.07016443987744443
0.3,0.6,0.5,0.5,0.12276850799570628,0.1020516868314392
0.3,0.6,0.6,0.6,0.12141817410889855,0.12732425585916676
0.3,0.6,0.7,0.7,0.1199862340003078,0.14852405358446222
0.3,0.6,0.8,0.8,0.12055067977471698,0.1662775325826084
0.3,0.6,0.9,0.9,0.1219577944549222,0.1748715582119465
0.3,0.7,0.001,0.001,0.1368312327936351,0.0009414581595418199
0.3,0.7,0.015,0.015,0.13676096551680356,0.001954575680091288
0.3,0.7,0.1,0.1,0.1365925860487709,0.0046828959522993005
0.3,0.7,0.2,0.2,0.13636694201789246,0.009096834418401836
0.3,0.7,0.3,0.3,0.13532659181081305,0.021241120756479263
0.3,0.7,0.4,0.4,0.133442447814901,0.038806536024739414
0.3,0.7,0.5,0.5,0.13173937852057244,0.058132628497294114
0.3,0.7,0.6,0.6,0.13074077229106712,0.07593819695460231
0.3,0.7,0.7,0.7,0.12964626637513316,0.09224779784739512
0.3,0.7,0.8,0.8,0.1300285105967084,0.10764134618518004
0.3,0.7,0.9,0.9,0.13135165603790772,0.11563235910732896
0.3,0.8,0.001,0.001,0.14401950729718227,0.0005899896914518913
0.3,0.8,0.015,0.015,0.14394909068600462,0.0009977099804164894
0.3,0.8,0.1,0.1,0.14390704236333354,0.002404403336802509
0.3,0.8,0.2,0.2,0.14382221610490287,0.004554469518206011
0.3,0.8,0.3,0.3,0.14319006466054726,0.009489091921866612
0.3,0.8,0.4,0.4,0.14243036180809435,0.016832097467798044
0.3,0.8,0.5,0.5,0.14121961964208968,0.026124061013713968
0.3,0.8,0.6,0.6,0.1405859199752935,0.035391924889765544
0.3,0.8,0.7,0.7,0.14008112992398686,0.044545297215355835
0.3,0.8,0.8,0.8,0.1403632916421677,0.05489315403559256
0.3,0.8,0.9,0.9,0.14162897912942335,0.06160744917007975
0.3,0.9,0.001,0.001,0.15001077983490596,0.0001966088002812256
0.3,0.9,0.015,0.015,0.1499826028836521,0.0003373192430902333
0.3,0.9,0.1,0.1,0.14998262254889613,0.0006047114702445902
0.3,0.9,0.2,0.2,0.1500246494117718,0.0011808134471082287
0.3,0.9,0.3,0.3,0.14991284712493316,0.0023331002836980445
0.3,0.9,0.4,0.4,0.14960356291308813,0.0038661004807853615
0.3,0.9,0.5,0.5,0.149420521975441,0.006016178010105888
0.3,0.9,0.6,0.6,0.14899839035835774,0.008785160253740891
0.3,0.9,0.7,0.7,0.14880260231420056,0.013187127685345095
0.3,0.9,0.8,0.8,0.14899960602894002,0.01713556254913031
0.3,0.9,0.9,0.9,0.15015261898176413,0.021728972799715675
0.4,0.001,0.001,0.001,0.11196753456159103,0.007356627312440189
0.4,0.001,0.015,0.015,0.1110656943918465,0.02088487140610635
0.4,0.001,0.1,0.1,0.1078736835068029,0.0623949464188179
0.4,0.001,0.2,0.2,0.10396583280980412,0.10620475740946543
0.4,0.001,0.3,0.3,0.09894574576372994,0.16703219540547526
0.4,0.001,0.4,0.4,0.092983732106142,0.23476044299186266
0.4,0.001,0.5,0.5,0.08773735595795522,0.2984511863589552
0.4,0.001,0.6,0.6,0.08360271813223552,0.35869769567633336
0.4,0.001,0.7,0.7,0.0801471991885053,0.4053738571567507
0.4,0.001,0.8,0.8,0.08048632425107315,0.4303105285963163
0.4,0.001,0.9,0.9,0.08226006760848095,0.4408447361876561
0.4,0.015,0.001,0.001,0.11162989912621987,0.006499416596235257
0.4,0.015,0.015,0.015,0.11074216332883076,0.019661337460305302
0.4,0.015,0.1,0.1,0.10764860498999976,0.060117016001259585
0.4,0.015,0.2,0.2,0.10390947579833418,0.10290163260008996
0.4,0.015,0.3,0.3,0.09907233051764833,0.1622520795447025
0.4,0.015,0.4,0.4,0.09327894949668364,0.2283195590738972
0.4,0.015,0.5,0.5,0.08818813623014203,0.2903239797329084
0.4,0.015,0.6,0.6,0.08419371630545866,0.3474496899787909
0.4,0.015,0.7,0.7,0.08106175003937613,0.3913385080905604
0.4,0.015,0.8,0.8,0.08152702063896057,0.4155723522088614
0.4,0.015,0.9,0.9,0.0829212568791536,0.4255302709278688
0.4,0.1,0.001,0.001,0.11185598133098787,0.005583585841086654
0.4,0.1,0.015,0.015,0.11110947706781656,0.01716981734940199
0.4,0.1,0.1,0.1,0.10850889848466094,0.051168877606109636
0.4,0.1,0.2,0.2,0.10526052999753158,0.08820447094822911
0.4,0.1,0.3,0.3,0.10104166811818883,0.14205967791442253
0.4,0.1,0.4,0.4,0.09600746580293276,0.20200279982450914
0.4,0.1,0.5,0.5,0.09139406816666874,0.2598411738854443
0.4,0.1,0.6,0.6,0.08779495468239337,0.3122961479427705
0.4,0.1,0.7,0.7,0.08515537713864921,0.3525131650098857
0.4,0.1,0.8,0.8,0.08569102816528812,0.3758178773267272
0.4,0.1,0.9,0.9,0.08701462417673404,0.38549479513389096
0.4,0.2,0.001,0.001,0.11337867922373684,0.004709828776274718
0.4,0.2,0.015,0.015,0.11282890671530064,0.013733392824587487
0.4,0.2,0.1,0.1,0.11086074575183276,0.03957359736746779
0.4,0.2,0.2,0.2,0.10807551445169096,0.07050770591962373
0.4,0.2,0.3,0.3,0.10402567231200556,0.12102618937092954
0.4,0.2,0.4,0.4,0.09924529976138399,0.1771722105469352
0.4,0.2,0.5,0.5,0.09489924179525737,0.2328415169627817
0.4,0.2,0.6,0.6,0.09152480850647804,0.28262593262158553
0.4,0.2,0.7,0.7,0.08898371725022862,0.3208732394488231
0.4,0.2,0.8,0.8,0.08951940386681488,0.3436136120625348
0.4,0.2,0.9,0.9,0.09087122472874798,0.35322054532108826
0.4,0.3,0.001,0.001,0.1149132122907676,0.0036681808817544174
0.4,0.3,0.015,0.015,0.11458866228510987,0.009621361125987287
0.4,0.3,0.1,0.1,0.11344999140119055,0.025557900091863442
0.4,0.3,0.2,0.2,0.11128465492197516,0.04769784177628513
0.4,0.3,0.3,0.3,0.10778333746745528,0.0925196748194588
0.4,0.3,0.4,0.4,0.1034391186417956,0.14329695429353814
0.4,0.3,0.5,0.5,0.09947261248327158,0.1940082445355633
0.4,0.3,0.6,0.6,0.09663124568503463,0.239171908183905
0.4,0.3,0.7,0.7,0.09428768455435384,0.27441137508272817
0.4,0.3,0.8,0.8,0.0948364752858267,0.2962247174504172
0.4,0.3,0.9,0.9,0.09624436019364588,0.30563533719346997
0.4,0.4,0.001,0.001,0.11783958291124336,0.002374606246616023
0.4,0.4,0.015,0.015,0.11768397184442833,0.005680955351013654
0.4,0.4,0.1,0.1,0.11700944765647865,0.01431764597150424
0.4,0.4,0.2,0.2,0.11579861940362995,0.026621926777975983
0.4,0.4,0.3,0.3,0.11279081555474693,0.06466827941663326
0.4,0.4,0.4,0.4,0.1089809429852238,0.10862688539355364
0.4,0.4,0.5,0.5,0.10529561105103376,0.1526317380585567
0.4,0.4,0.6,0.6,0.10300372038791536,0.1887923876789908
0.4,0.4,0.7,0.7,0.10091132599159328,0.21898166049171425
0.4,0.4,0.8,0.8,0.10157280959697836,0.23909396204616504
0.4,0.4,0.9,0.9,0.10298040621320108,0.2480826870203162
0.4,0.5,0.001,0.001,0.12060793307401635,0.0014473200149550474
0.4,0.5,0.015,0.015,0.12052329064611868,0.003626994015555636
0.4,0.5,0.1,0.1,0.12014371682718004,0.008845951053444105
0.4,0.5,0.2,0.2,0.11931247374718072,0.01696379380348289
0.4,0.5,0.3,0.3,0.11688094995218573,0.04685437143166903
0.4,0.5,0.4,0.4,0.1136900072572629,0.08224956999686364
0.4,0.5,0.5,0.5,0.11066580703015913,0.11703966687323294
0.4,0.5,0.6,0.6,0.10925923563564306,0.14411230498498356
0.4,0.5,0.7,0.7,0.10784210513426762,0.1669586392135273
0.4,0.5,0.8,0.8,0.1085185101204574,0.18482164379056995
0.4,0.5,0.9,0.9,0.10982765721099187,0.19344449630212104
0.4,0.6,0.001,0.001,0.12396400778564685,0.0011664290611645065
0.4,0.6,0.015,0.015,0.12385105834837888,0.00268536294785053
0.4,0.6,0.1,0.1,0.12364038053866053,0.006440468930744968
0.4,0.6,0.2,0.2,0.12323179628516966,0.012151385252875156
0.4,0.6,0.3,0.3,0.12183991920357698,0.031413980524829466
0.4,0.6,0.4,0.4,0.11954947308465347,0.05780014885718359
0.4,0.6,0.5,0.5,0.11739699048512668,0.08435740346650343
0.4,0.6,0.6,0.6,0.11618678889001074,0.10700175322834396
0.4,0.6,0.7,0.7,0.1148531911872552,0.1263880513343057
0.4,0.6,0.8,0.8,0.1154595297983474,0.14294575055226474
0.4,0.6,0.9,0.9,0.11674077387723678,0.1512875971948293
0.4,0.7,0.001,0.001,0.12912401339485907,0.0009275150474391988
0.4,0.7,0.015,0.015,0.1290676892301301,0.001870339249333362
0.4,0.7,0.1,0.1,0.12898358371956894,0.004232300745038919
0.4,0.7,0.2,0.2,0.1287438697580095,0.00781719327485845
0.4,0.7,0.3,0.3,0.1278159622683799,0.01827704081167006
0.4,0.7,0.4,0.4,0.12605935505507646,0.033380835208258366
0.4,0.7,0.5,0.5,0.12463731158645587,0.0499646568862631
0.4,0.7,0.6,0.6,0.1237087397017108,0.06587315976830453
0.4,0.7,0.7,0.7,0.12269863307950946,0.08070523389563489
0.4,0.7,0.8,0.8,0.12312277013776768,0.09509954417341317
0.4,0.7,0.9,0.9,0.1243341493500066,0.10285248248114398
0.4,0.8,0.001,0.001,0.13518646978700571,0.0005760465793492699
0.4,0.8,0.015,0.015,0.13511605317582806,0.0009555382021731273
0.4,0.8,0.1,0.1,0.13511610833556315,0.002150780210837856
0.4,0.8,0.2,0.2,0.13504529553004732,0.003991602223621989
0.4,0.8,0.3,0.3,0.13448332500842558,0.008279341351034563
0.4,0.8,0.4,0.4,0.1337802831760906,0.014764215869592553
0.4,0.8,0.5,0.5,0.13273824960033834,0.02274928617718341
0.4,0.8,0.6,0.6,0.13214673163161528,0.031034454916010094
0.4,0.8,0.7,0.7,0.13171231152439802,0.03947038459963369
0.4,0.8,0.8,0.8,0.13199405275314768,0.049142426665167306
0.4,0.8,0.9,0.9,0.13316205455213573,0.05567491019516365
0.4,0.9,0.001,0.001,0.14036136044959208,0.0001966088002812256
0.4,0.9,0.015,0.015,0.1403331834983382,0.0003373192430902333
0.4,0.9,0.1,0.1,0.14033320316358228,0.0005057430897496279
0.4,0.9,0.2,0.2,0.1403752300264579,0.0009694303908906637
0.4,0.9,0.3,0.3,0.14026342773961928,0.002008942133078887
0.4,0.9,0.4,0.4,0.13995422252130812,0.0033591668387210954
0.4,0.9,0.5,0.5,0.13978556755055066,0.005255856371884247
0.4,0.9,0.6,0.6,0.139377242018227,0.007730635074912019
0.4,0.9,0.7,0.7,0.13916728612397344,0.011837053297116415
0.4,0.9,0.8,0.8,0.13935016554492755,0.01553187299478654
0.4,0.9,0.9,0.9,0.14041935858874086,0.019999400055686636
0.5,0.001,0.001,0.001,0.11212218143237992,0.005821941010764366
0.5,0.001,0.015,0.015,0.11144561811990104,0.014255126654823666
0.5,0.001,0.1,0.1,0.10932224467534354,0.037988400389751084
0.5,0.001,0.2,0.2,0.10656734183334167,0.06509217843985203
0.5,0.001,0.3,0.3,0.10282676937391512,0.10691356641228192
0.5,0.001,0.4,0.4,0.0983716429021288,0.15600966231389024
0.5,0.001,0.5,0.5,0.09409381771610534,0.20651378763999895
0.5,0.001,0.6,0.6,0.09038216968576378,0.25755090486646776
0.5,0.001,0.7,0.7,0.08692638452801553,0.29871576373781983
0.5,0.001,0.8,0.8,0.08726385844823309,0.32126406941880786
0.5,0.001,0.9,0.9,0.08874302253810781,0.3311244765145989
0.5,0.015,0.001,0.001,0.11192525517669416,0.005035077442339686
0.5,0.015,0.015,0.015,0.11126279623657072,0.013172426768169654
0.5,0.015,0.1,0.1,0.10923787533822578,0.036090169073942704
0.5,0.015,0.2,0.2,0.1066374618208569,0.06233702407140676
0.5,0.015,0.3,0.3,0.10300943163045792,0.10301903940995727
0.5,0.015,0.4,0.4,0.09868065162397648,0.1507085622958334
0.5,0.015,0.5,0.5,0.09450227364564537,0.19976555541231425
0.5,0.015,0.6,0.6,0.09093086343777004,0.2481319890183257
0.5,0.015,0.7,0.7,0.08784106427489523,0.2869313971646178
0.5,0.015,0.8,0.8,0.08830468373212944,0.3088190105176679
0.5,0.015,0.9,0.9,0.08944611697816386,0.3182011406650414
0.5,0.1,0.001,0.001,0.11184159156097348,0.0043873827509591295
0.5,0.1,0.015,0.015,0.11127816242309987,0.011624543682521624
0.5,0.1,0.1,0.1,0.10959154966093873,0.03103868821557313
0.5,0.1,0.2,0.2,0.1073277973027862,0.053967483078083175
0.5,0.1,0.3,0.3,0.10419138470310976,0.09088245215169184
0.5,0.1,0.4,0.4,0.10042411900888908,0.13435050751491198
0.5,0.1,0.5,0.5,0.09656916764521542,0.18015671034857947
0.5,0.1,0.6,0.6,0.09333682600128117,0.224597147814361
0.5,0.1,0.7,0.7,0.09069741794710284,0.26004725417538943
0.5,0.1,0.8,0.8,0.09121724147754967,0.2810339609709595
0.5,0.1,0.9,0.9,0.09228803449483704,0.29013509020648937
0.5,0.2,0.001,0.001,0.11237719193034587,0.003809769376380089
0.5,0.2,0.015,0.015,0.1119401422561042,0.009835216880458988
0.5,0.2,0.1,0.1,0.11070307872993264,0.025802907239448083
0.5,0.2,0.2,0.2,0.10864943597915702,0.0456526830227436
0.5,0.2,0.3,0.3,0.10562568094381833,0.08024468634749787
0.5,0.2,0.4,0.4,0.10201410365171457,0.12095604092929828
0.5,0.2,0.5,0.5,0.09837024817854073,0.16512752612673692
0.5,0.2,0.6,0.6,0.09526420455205094,0.2075295119402587
0.5,0.2,0.7,0.7,0.09272328278536733,0.2413760516774495
0.5,0.2,0.8,0.8,0.09324322519982764,0.2618265840633941
0.5,0.2,0.9,0.9,0.09434224306760218,0.2708577287503137
0.5,0.3,0.001,0.001,0.1128996296640472,0.0031621793229751967
0.5,0.3,0.015,0.015,0.11260325478564152,0.00751093792216942
0.5,0.3,0.1,0.1,0.11188594687202788,0.018203381169117155
0.5,0.3,0.2,0.2,0.11018515035613627,0.0335079421702671
0.5,0.3,0.3,0.3,0.10745687943289904,0.06455369798114217
0.5,0.3,0.4,0.4,0.10414083992461506,0.10127398880044527
0.5,0.3,0.5,0.5,0.10084838708988507,0.14145542871428585
0.5,0.3,0.6,0.6,0.0982191308174341,0.17993805177504132
0.5,0.3,0.7,0.7,0.09587572816379683,0.21104384615470265
0.5,0.3,0.8,0.8,0.09639490891388694,0.2306091564297149
0.5,0.3,0.9,0.9,0.09753594193740987,0.2394580364912715
0.5,0.4,0.001,0.001,0.11464592026287534,0.0021357430570900088
0.5,0.4,0.015,0.015,0.11450468159636913,0.004653940461377164
0.5,0.4,0.1,0.1,0.11411089949563842,0.010802713110699231
0.5,0.4,0.2,0.2,0.11312560959775235,0.019690524226726663
0.5,0.4,0.3,0.3,0.11073487691705963,0.04618518698798113
0.5,0.4,0.4,0.4,0.1079247887722189,0.07763132282606837
0.5,0.4,0.5,0.5,0.10485736373847687,0.1124417945199007
0.5,0.4,0.6,0.6,0.10273482317924372,0.14327228251584714
0.5,0.4,0.7,0.7,0.1006286488972457,0.16994653018432196
0.5,0.4,0.8,0.8,0.1012466365320374,0.1879511213947877
0.5,0.4,0.9,0.9,0.10241550673067808,0.19640623215415687
0.5,0.5,0.001,0.001,0.11623473686559402,0.0013487781087291218
0.5,0.5,0.015,0.015,0.11616410789061116,0.0030221389287274124
0.5,0.5,0.1,0.1,0.11592471346347592,0.006778123744961393
0.5,0.5,0.2,0.2,0.11523423209218685,0.012673761847979276
0.5,0.5,0.3,0.3,0.11334892055648665,0.03351567436843318
0.5,0.5,0.4,0.4,0.11103061238268744,0.05870417133178516
0.5,0.5,0.5,0.5,0.10847032420327836,0.08622679870647808
0.5,0.5,0.6,0.6,0.10716263783093807,0.10939089242756952
0.5,0.5,0.7,0.7,0.10574591102225336,0.12963656349763492
0.5,0.5,0.8,0.8,0.10637882003784974,0.1454619745345656
0.5,0.5,0.9,0.9,0.10746325416371702,0.15359332027785705
0.5,0.6,0.001,0.001,0.11842625242145358,0.0010819915272940104
0.5,0.6,0.015,0.015,0.11835534802482996,0.0023053611853996203
0.5,0.6,0.1,0.1,0.11822879342348955,0.005047799147632796
0.5,0.6,0.2,0.2,0.11783441955207345,0.009296385810302486
0.5,0.6,0.3,0.3,0.11663894830733645,0.02375092849939648
0.5,0.6,0.4,0.4,0.11491087600052335,0.043484248039726656
0.5,0.6,0.5,0.5,0.11305349148410535,0.06457372439927803
0.5,0.6,0.6,0.6,0.11192819346034052,0.0840542138612949
0.5,0.6,0.7,0.7,0.1106090760268523,0.10113553153734127
0.5,0.6,0.8,0.8,0.1111859952439276,0.11571188465662385
0.5,0.6,0.9,0.9,0.11224252635814982,0.12357634882471408
0.5,0.7,0.001,0.001,0.1223773710946238,0.0008712823480467759
0.5,0.7,0.015,0.015,0.1223351354055218,0.0016449957171466088
0.5,0.7,0.1,0.1,0.12230697615208468,0.003374284751878947
0.5,0.7,0.2,0.2,0.1220813259058976,0.0062141265167749826
0.5,0.7,0.3,0.3,0.12123772489376868,0.014496099874716097
0.5,0.7,0.4,0.4,0.11984659967083455,0.02651819502800224
0.5,0.7,0.5,0.5,0.11850864408116844,0.040021568772465085
0.5,0.7,0.6,0.6,0.11760848888006978,0.053889894813234085
0.5,0.7,0.7,0.7,0.11655651560310976,0.06688008755828058
0.5,0.7,0.8,0.8,0.1169512332673512,0.0795458285312243
0.5,0.7,0.9,0.9,0.11793789951492292,0.08684952211118098
0.5,0.8,0.001,0.001,0.12725725798020396,0.0005477979917786483
0.5,0.8,0.015,0.015,0.1272009298446532,0.0008849762884884092
0.5,0.8,0.1,0.1,0.1272148507836451,0.0017427296606752974
0.5,0.8,0.2,0.2,0.12715834003762586,0.003274348151054051
0.5,0.8,0.3,0.3,0.1266247236848282,0.006859597155333465
0.5,0.8,0.4,0.4,0.12607626602151534,0.011993848900811031
0.5,0.8,0.5,0.5,0.1250765650070753,0.01862845833795853
0.5,0.8,0.6,0.6,0.12451324107900236,0.02590015307630089
0.5,0.8,0.7,0.7,0.12398061911593593,0.0333096590287264
0.5,0.8,0.8,0.8,0.12420529499650168,0.04180129042766972
0.5,0.8,0.9,0.9,0.12517670329676694,0.04794054759325196
0.5,0.9,0.001,0.001,0.13109594194713586,0.0001966088002812256
0.5,0.9,0.015,0.015,0.1310818534715089,0.00030908249355271326
0.5,0.9,0.1,0.1,0.13109588658966778,0.0004354187694192746
0.5,0.9,0.2,0.2,0.1311379134525434,0.0008426374049957918
0.5,0.9,0.3,0.3,0.13102611116570478,0.0017699943433430933
0.5,0.9,0.4,0.4,0.13077315706050385,0.002937067527378358
0.5,0.9,0.5,0.5,0.13059041758270412,0.004566518220277384
0.5,0.9,0.6,0.6,0.13018209205038045,0.0068585379163801675
0.5,0.9,0.7,0.7,0.12991572288977166,0.010514674346282823
0.5,0.9,0.8,0.8,0.1300703849571648,0.013928308445582554
0.5,0.9,0.9,0.9,0.1309426164401238,0.01808664155799257
0.6,0.001,0.001,0.001,0.1121219885714412,0.004372585155626907
0.6,0.001,0.015,0.015,0.11164272523261924,0.008555070818578097
0.6,0.001,0.1,0.1,0.11044782328361442,0.02066607854405733
0.6,0.001,0.2,0.2,0.108677573889935,0.03498504713626187
0.6,0.001,0.3,0.3,0.10604711618169536,0.05965106697101865
0.6,0.001,0.4,0.4,0.1029118882959827,0.09035612860548838
0.6,0.001,0.5,0.5,0.0997885426476674,0.1258099499809706
0.6,0.001,0.6,0.6,0.0969190872761175,0.1648268463038149
0.6,0.001,0.7,0.7,0.09384206294976624,0.19825731338993213
0.6,0.001,0.8,0.8,0.09417947448287237,0.21740382026384547
0.6,0.001,0.9,0.9,0.09539135604732887,0.22639354942212805
0.6,0.015,0.001,0.001,0.11196604269077644,0.0036979849213477313
0.6,0.015,0.015,0.015,0.1114867594305246,0.007641068560590864
0.6,0.015,0.1,0.1,0.1103764523257933,0.01910492362287128
0.6,0.015,0.2,0.2,0.10876069225674692,0.03266547484910051
0.6,0.015,0.3,0.3,0.10620071608023107,0.0564034320712369
0.6,0.015,0.4,0.4,0.10312132891198376,0.08603876868769758
0.6,0.015,0.5,0.5,0.10008341701844599,0.12026985548593698
0.6,0.015,0.6,0.6,0.09732616520624104,0.15719307418166978
0.6,0.015,0.7,0.7,0.09462930138786176,0.18867905601981755
0.6,0.015,0.8,0.8,0.09506495167900857,0.2073197371511914
0.6,0.015,0.9,0.9,0.0959673032699866,0.21585939023141826
0.6,0.1,0.001,0.001,0.1113625790504834,0.0033323486009741807
0.6,0.1,0.015,0.015,0.11093998022231996,0.006923833690114939
0.6,0.1,0.1,0.1,0.1100129037118696,0.016882129910499616
0.6,0.1,0.2,0.2,0.10862172193257157,0.02874171200202047
0.6,0.1,0.3,0.3,0.10639873207143764,0.05031576005014221
0.6,0.1,0.4,0.4,0.10375476339130453,0.07730611695532083
0.6,0.1,0.5,0.5,0.10096952488569033,0.10921504576531296
0.6,0.1,0.6,0.6,0.09845296720792177,0.14346355477045178
0.6,0.1,0.7,0.7,0.09608040465340953,0.17221886634807435
0.6,0.1,0.8,0.8,0.09658663847426943,0.1900710613265492
0.6,0.1,0.9,0.9,0.09740433638358566,0.1983437269478472
0.6,0.2,0.001,0.001,0.1117983590865516,0.003050832450671875
0.6,0.2,0.015,0.015,0.11143194723121376,0.006247617502148812
0.6,0.2,0.1,0.1,0.1107012879456534,0.014701632405794285
0.6,0.2,0.2,0.2,0.10945118111844736,0.025181518466347447
0.6,0.2,0.3,0.3,0.10731267979862598,0.04540353119910676
0.6,0.2,0.4,0.4,0.10476819085569196,0.07078906141423652
0.6,0.2,0.5,0.5,0.10212384979127476,0.10158547792645793
0.6,0.2,0.6,0.6,0.09969138740440613,0.13427379374726778
0.6,0.2,0.7,0.7,0.09737481037125464,0.16172127683880788
0.6,0.2,0.8,0.8,0.0978812151361845,0.17910790374113905
0.6,0.2,0.9,0.9,0.09871298962207732,0.18733867619984
0.6,0.3,0.001,0.001,0.11160407637384977,0.0027126426511820323
0.6,0.3,0.015,0.015,0.11133600923609814,0.0052327086400189285
0.6,0.3,0.1,0.1,0.11084372961989347,0.011521310039836582
0.6,0.3,0.2,0.2,0.1096926946697944,0.019890601571516512
0.6,0.3,0.3,0.3,0.10773713120225772,0.038099569603746726
0.6,0.3,0.4,0.4,0.10540365905961044,0.06093993465219174
0.6,0.3,0.5,0.5,0.10305458417270656,0.08884032438850055
0.6,0.3,0.6,0.6,0.10105688410164164,0.1185079087512098
0.6,0.3,0.7,0.7,0.09888148376885914,0.1436643313458757
0.6,0.3,0.8,0.8,0.09942908090964317,0.1603483301386966
0.6,0.3,0.9,0.9,0.10030287055128433,0.1683968379720346
0.6,0.4,0.001,0.001,0.11223881144497612,0.0019531731129957103
0.6,0.4,0.015,0.015,0.11208365032597507,0.0036278313341247385
0.6,0.4,0.1,0.1,0.11174664355560013,0.007622178255709159
0.6,0.4,0.2,0.2,0.11107180569739986,0.012812145950076962
0.6,0.4,0.3,0.3,0.1093413199944432,0.028230146763325883
0.6,0.4,0.4,0.4,0.10741635588153206,0.0476513645873058
0.6,0.4,0.5,0.5,0.1051797269500166,0.0719096056934698
0.6,0.4,0.6,0.6,0.10353415860498752,0.09551318426083184
0.6,0.4,0.7,0.7,0.10156822552055966,0.11695544682269955
0.6,0.4,0.8,0.8,0.10215819667999748,0.13241618375105094
0.6,0.4,0.9,0.9,0.10307397177066704,0.14009915903173906
0.6,0.5,0.001,0.001,0.1129973360991964,0.001279111818529286
0.6,0.5,0.015,0.015,0.11292679812463358,0.0024044241345497178
0.6,0.5,0.1,0.1,0.11274408366983485,0.004879338162886182
0.6,0.5,0.2,0.2,0.11229349544323668,0.00828461794924131
0.6,0.5,0.3,0.3,0.11092785808554126,0.020410220931066425
0.6,0.5,0.4,0.4,0.10941064866108297,0.03597881277147585
0.6,0.5,0.5,0.5,0.10756828241114663,0.055017191200818966
0.6,0.5,0.6,0.6,0.10661162416253807,0.07276830197331471
0.6,0.5,0.7,0.7,0.10510976507849146,0.08923102068656713
0.6,0.5,0.8,0.8,0.1057146733907128,0.1027794218514837
0.6,0.5,0.9,0.9,0.10654601240860892,0.11016690468378997
0.6,0.6,0.001,0.001,0.11396617310354205,0.001040141823114665
0.6,0.6,0.015,0.015,0.11388140061752798,0.0018983447317983781
0.6,0.6,0.1,0.1,0.11375510432593845,0.003852471871338519
0.6,0.6,0.2,0.2,0.11347352751868048,0.006512924072301878
0.6,0.6,0.3,0.3,0.1126012264579964,0.015667823507311003
0.6,0.6,0.4,0.4,0.1113927106600265,0.028367207781921505
0.6,0.6,0.5,0.5,0.11012650519406142,0.042996190999778784
0.6,0.6,0.6,0.6,0.10933830040179923,0.0581314934704927
0.6,0.6,0.7,0.7,0.10794815219572147,0.07217502846485101
0.6,0.6,0.8,0.8,0.10846911669481114,0.084614589292243
0.6,0.6,0.9,0.9,0.1092725527010622,0.09177739150626027
0.6,0.7,0.001,0.001,0.1164696196661386,0.0008433757559700519
0.6,0.7,0.015,0.015,0.1164273839770366,0.0014062749488932677
0.6,0.7,0.1,0.1,0.11638535476874325,0.0026709968283168666
0.6,0.7,0.2,0.2,0.11620224429140742,0.0044718438753628366
0.6,0.7,0.3,0.3,0.11558347720575946,0.0100696641098761
0.6,0.7,0.4,0.4,0.11465606861935718,0.018209876994762064
0.6,0.7,0.5,0.5,0.11365639166355535,0.0282580788663462
0.6,0.7,0.6,0.6,0.11300903239332027,0.039159292961585435
0.6,0.7,0.7,0.7,0.1119700558205566,0.04991295618763771
0.6,0.7,0.8,0.8,0.11229455090414382,0.0606528841307888
0.6,0.7,0.9,0.9,0.11301417893164176,0.06728289198693396
0.6,0.8,0.001,0.001,0.11993049701046644,0.0005339245178607794
0.6,0.8,0.015,0.015,0.11987416887491573,0.0007306450094772508
0.6,0.8,0.1,0.1,0.11987416450158335,0.0013349583557438216
0.6,0.8,0.2,0.2,0.11983179757377425,0.0023891913894707236
0.6,0.8,0.3,0.3,0.11946683496626355,0.004920189797707328
0.6,0.8,0.4,0.4,0.11912970902525973,0.008465706909450324
0.6,0.8,0.5,0.5,0.11834104477520295,0.013500217449564443
0.6,0.8,0.6,0.6,0.11793198266007927,0.019197399215829983
0.6,0.8,0.7,0.7,0.11735684340028607,0.025382236449302854
0.6,0.8,0.8,0.8,0.11745522812388876,0.03263710480232932
0.6,0.8,0.9,0.9,0.11817388983676765,0.03820050492479339
0.6,0.9,0.001,0.001,0.12265780468230307,0.0001966088002812256
0.6,0.9,0.015,0.015,0.12264371620667612,0.00023865384092558228
0.6,0.9,0.1,0.1,0.12264371620667612,0.00030869949998107163
0.6,0.9,0.2,0.2,0.12267166649297515,0.0006036694495242117
0.6,0.9,0.3,0.3,0.12258791169059464,0.0012638096804418624
0.6,0.9,0.4,0.4,0.12236311073854685,0.0021213233327841575
0.6,0.9,0.5,0.5,0.12225045244548036,0.003330144482722381
0.6,0.9,0.6,0.6,0.12187000132123732,0.005200618296755871
0.6,0.9,0.7,0.7,0.12158950616504928,0.008238128107413955
0.6,0.9,0.8,0.8,0.1217160506094784,0.011342547239134516
0.6,0.9,0.9,0.9,0.12237770609946635,0.015065089655942419
0.7,0.001,0.001,0.001,0.11222070531135983,0.003358165277286349
0.7,0.001,0.015,0.015,0.11185441394577904,0.005568454320999455
0.7,0.001,0.1,0.1,0.11132046157629913,0.011106719323970593
0.7,0.001,0.2,0.2,0.11023872951389373,0.01793936972376302
0.7,0.001,0.3,0.3,0.10856491447788587,0.030995161466611864
0.7,0.001,0.4,0.4,0.10676775011286532,0.047882468697306536
0.7,0.001,0.5,0.5,0.10481257877218088,0.06999296886637765
0.7,0.001,0.6,0.6,0.10261953760955976,0.09740436161882116
0.7,0.001,0.7,0.7,0.09985206255261234,0.1221014821334616
0.7,0.001,0.8,0.8,0.10007668242620472,0.1378744816047393
0.7,0.001,0.9,0.9,0.10110450788087127,0.14585167409429464
0.7,0.015,0.001,0.001,0.1119948633934726,0.002838457003543293
0.7,0.015,0.015,0.015,0.11164267640024723,0.004893792906600629
0.7,0.015,0.1,0.1,0.11117919458125552,0.009897389056642268
0.7,0.015,0.2,0.2,0.11023760857716697,0.016154250105722048
0.7,0.015,0.3,0.3,0.10863420005017084,0.0285630806648468
0.7,0.015,0.4,0.4,0.10687857434311904,0.04467700640568405
0.7,0.015,0.5,0.5,0.104994556506722,0.06590182480749675
0.7,0.015,0.6,0.6,0.10289982414413826,0.09182407417006946
0.7,0.015,0.7,0.7,0.10051253322452304,0.11497115192490155
0.7,0.015,0.8,0.8,0.10083539185615613,0.13029415120576093
0.7,0.015,0.9,0.9,0.10159571420021984,0.13789145556152174
0.7,0.1,0.001,0.001,0.11147632032855936,0.002585310538200211
0.7,0.1,0.015,0.015,0.11119468354667916,0.004429384984450042
0.7,0.1,0.1,0.1,0.11082983010089603,0.008715299795764303
0.7,0.1,0.2,0.2,0.10998667538396976,0.014072615067145204
0.7,0.1,0.3,0.3,0.108565452494527,0.025258106387042636
0.7,0.1,0.4,0.4,0.10699138153320628,0.03985299012986675
0.7,0.1,0.5,0.5,0.10523356136191504,0.0595164653221586
0.7,0.1,0.6,0.6,0.10330887053105894,0.08351079126694164
0.7,0.1,0.7,0.7,0.10123149654496147,0.10462993403632734
0.7,0.1,0.8,0.8,0.10161096069061576,0.11933345336984975
0.7,0.1,0.9,0.9,0.1023289909021408,0.12673430082988948
0.7,0.2,0.001,0.001,0.11158749315645733,0.0023743363126733238
0.7,0.2,0.015,0.015,0.11133381062946084,0.004105634396599243
0.7,0.2,0.1,0.1,0.11105339358325708,0.008012092865970806
0.7,0.2,0.2,0.2,0.11028100317221146,0.012861947478727171
0.7,0.2,0.3,0.3,0.10890226583541418,0.02341388626929184
0.7,0.2,0.4,0.4,0.10742702332934376,0.03717894985588729
0.7,0.2,0.5,0.5,0.10575371012530396,0.056152538886131975
0.7,0.2,0.6,0.6,0.10385687438362064,0.07921989475629046
0.7,0.2,0.7,0.7,0.10183550189659188,0.099425094416819
0.7,0.2,0.8,0.8,0.1022151369863161,0.11376229978180133
0.7,0.2,0.9,0.9,0.10294724377441776,0.12112125407924396
0.7,0.3,0.001,0.001,0.11130898643189246,0.0021350526647712607
0.7,0.3,0.015,0.015,0.11111152927020393,0.003640842800667669
0.7,0.3,0.1,0.1,0.11092889270482144,0.00669118800799882
0.7,0.3,0.2,0.2,0.1101847753925264,0.010838631579121414
0.7,0.3,0.3,0.3,0.108890597465015,0.020433572939756447
0.7,0.3,0.4,0.4,0.10752770320819786,0.03282037018170845
0.7,0.3,0.5,0.5,0.10607916224422503,0.05010671776911809
0.7,0.3,0.6,0.6,0.10450471527614796,0.07091140720038837
0.7,0.3,0.7,0.7,0.10256777107865753,0.08940138973738858
0.7,0.3,0.8,0.8,0.10296031781803867,0.10314837121062
0.7,0.3,0.9,0.9,0.10372039087175104,0.11033910977283737
0.7,0.4,0.001,0.001,0.11142102986375864,0.0016434596095008447
0.7,0.4,0.015,0.015,0.1113081780731936,0.002740813002260871
0.7,0.4,0.1,0.1,0.11116801230893833,0.004820338429618843
0.7,0.4,0.2,0.2,0.11069024258722822,0.0077167951434069905
0.7,0.4,0.3,0.3,0.10956494944556468,0.015747310716729128
0.7,0.4,0.4,0.4,0.10851210737062668,0.02614980875405489
0.7,0.4,0.5,0.5,0.10707786759434604,0.04101711163851664
0.7,0.4,0.6,0.6,0.1057566933359417,0.057390403016332636
0.7,0.4,0.7,0.7,0.10397335123858877,0.07310967151931239
0.7,0.4,0.8,0.8,0.10442242794096407,0.08584414581574593
0.7,0.4,0.9,0.9,0.10518250707042348,0.09273951611164297
0.7,0.5,0.001,0.001,0.11143169424708728,0.001067934364653121
0.7,0.5,0.015,0.015,0.1114034656009604,0.0018838408004780995
0.7,0.5,0.1,0.1,0.11131960035932316,0.003386997001274924
0.7,0.5,0.2,0.2,0.11096794436249216,0.005384650341406234
0.7,0.5,0.3,0.3,0.11012338358803203,0.011642844835515859
0.7,0.5,0.4,0.4,0.1092810333905614,0.019951709434760528
0.7,0.5,0.5,0.5,0.10815620832324982,0.031456958379182734
0.7,0.5,0.6,0.6,0.10734108834330824,0.043497119755218736
0.7,0.5,0.7,0.7,0.10590934630465207,0.05575551108144396
0.7,0.5,0.8,0.8,0.10634529781675844,0.06690145936750692
0.7,0.5,0.9,0.9,0.10703510881259906,0.07357162605361392
0.7,0.6,0.001,0.001,0.11199225558901,0.0008992926460416297
0.7,0.6,0.015,0.015,0.1119498083281604,0.001574643381408751
0.7,0.6,0.1,0.1,0.11189396674378704,0.0027825903809831076
0.7,0.6,0.2,0.2,0.1116829139674681,0.004373087925567364
0.7,0.6,0.3,0.3,0.11107793590162604,0.009435330658251731
0.7,0.6,0.4,0.4,0.11033364348995342,0.01649315579112879
0.7,0.6,0.5,0.5,0.10944796471380948,0.02562663364102294
0.7,0.6,0.6,0.6,0.1087873270637019,0.036078947278360536
0.7,0.6,0.7,0.7,0.1074255680774108,0.0467491867530546
0.7,0.6,0.8,0.8,0.10781971469601456,0.05702509227840219
0.7,0.6,0.9,0.9,0.10848162268021007,0.06349876815297678
0.7,0.7,0.001,0.001,0.11352624274442953,0.0007305403243080983
0.7,0.7,0.015,0.015,0.11351224380486505,0.0012090652806007337
0.7,0.7,0.1,0.1,0.11348425163217472,0.0020376618015972786
0.7,0.7,0.2,0.2,0.11335758828692095,0.003163117777164983
0.7,0.7,0.3,0.3,0.11286510635109134,0.006440283337826211
0.7,0.7,0.4,0.4,0.11226050574053588,0.011387880175797655
0.7,0.7,0.5,0.5,0.11144483838722297,0.017893716511811708
0.7,0.7,0.6,0.6,0.11091088537641228,0.025391157608106958
0.7,0.7,0.7,0.7,0.1099003453865649,0.03371284544439638
0.7,0.7,0.8,0.8,0.1101118682678052,0.0426674545158957
0.7,0.7,0.9,0.9,0.11068996827324763,0.04866471500098565
0.7,0.8,0.001,0.001,0.11548138268741184,0.00044935365147734873
0.7,0.8,0.015,0.015,0.11545329130139866,0.0006038239406415023
0.7,0.8,0.1,0.1,0.11545328692806625,0.0009547619240987462
0.7,0.8,0.2,0.2,0.11541115859335578,0.0016572143414796574
0.7,0.8,0.3,0.3,0.11515817585017075,0.0032182287305072893
0.7,0.8,0.4,0.4,0.11497538122580145,0.00538380403633096
0.7,0.8,0.5,0.5,0.1143280870740896,0.008885578000881305
0.7,0.8,0.6,0.6,0.11393378661500544,0.012882001669963585
0.7,0.8,0.7,0.7,0.11328885713847155,0.017830605754085918
0.7,0.8,0.8,0.8,0.11333083744600575,0.023960343663889355
0.7,0.8,0.9,0.9,0.11387991668419507,0.02897500403108258
0.7,0.9,0.001,0.001,0.11695897420123284,0.0001825599101435465
0.7,0.9,0.015,0.015,0.11695897420123284,0.00021051647516096605
0.7,0.9,0.1,0.1,0.11695897420123284,0.00025226148658935284
0.7,0.9,0.2,0.2,0.1169730587082751,0.00043488285604859663
0.7,0.9,0.3,0.3,0.11693134426463896,0.0008844573735941504
0.7,0.9,0.4,0.4,0.11679079631705785,0.0014048276814003814
0.7,0.9,0.5,0.5,0.11669219836667424,0.0021630689968790504
0.7,0.9,0.6,0.6,0.1163681345264487,0.0035275911464615678
0.7,0.9,0.7,0.7,0.11603173324099952,0.006031119590111411
0.7,0.9,0.8,0.8,0.11614401188439565,0.008742100362387848
0.7,0.9,0.9,0.9,0.11666404312539964,0.012028365370355664
0.8,0.001,0.001,0.001,0.11243149466002693,0.002486113297101012
0.8,0.001,0.015,0.015,0.11221994332334187,0.003442730204580818
0.8,0.001,0.1,0.1,0.11205169970753433,0.00536932321804263
0.8,0.001,0.2,0.2,0.11149023155397332,0.008081509520996177
0.8,0.001,0.3,0.3,0.11066001940222343,0.01302018036275703
0.8,0.001,0.4,0.4,0.10970487983457347,0.01957160278442581
0.8,0.001,0.5,0.5,0.10883347363265636,0.029760435429231576
0.8,0.001,0.6,0.6,0.10748467215521296,0.044609560817137885
0.8,0.001,0.7,0.7,0.10525214010726422,0.0608678720921087
0.8,0.001,0.8,0.8,0.10528083715123518,0.07214331428840666
0.8,0.001,0.9,0.9,0.1057736101356356,0.07822369004335909
0.8,0.015,0.001,0.001,0.11217792226420227,0.002120716964383193
0.8,0.015,0.015,0.015,0.11196637092751724,0.0030353346464383232
0.8,0.015,0.1,0.1,0.1118685978621979,0.004624498737701765
0.8,0.015,0.2,0.2,0.11143313549546052,0.006901781454362689
0.8,0.015,0.3,0.3,0.11064504176923344,0.011545096884864865
0.8,0.015,0.4,0.4,0.10971749378110016,0.017745892793477998
0.8,0.015,0.5,0.5,0.10890294671863493,0.02738642100826653
0.8,0.015,0.6,0.6,0.10765269151511307,0.04125229984486977
0.8,0.015,0.7,0.7,0.10572969946898213,0.056341290807237925
0.8,0.015,0.8,0.8,0.10585663527099373,0.0672513155030595
0.8,0.015,0.9,0.9,0.1061945669697464,0.07310651396063858
0.8,0.1,0.001,0.001,0.1117714782396925,0.0019663421762595246
0.8,0.1,0.015,0.015,0.1115881957032979,0.002810863329222557
0.8,0.1,0.1,0.1,0.11150456290947178,0.00414659974604251
0.8,0.1,0.2,0.2,0.11109757895607278,0.006085961777245992
0.8,0.1,0.3,0.3,0.11039339272543633,0.010208368336710346
0.8,0.1,0.4,0.4,0.10960555591072108,0.01564980077671837
0.8,0.1,0.5,0.5,0.10887477781081742,0.024474760776431827
0.8,0.1,0.6,0.6,0.10770948481955134,0.03735501389794492
0.8,0.1,0.7,0.7,0.10596942267675316,0.05113484670438236
0.8,0.1,0.8,0.8,0.10619524928721708,0.06155218957830945
0.8,0.1,0.9,0.9,0.10653304005304598,0.06728114468283478
0.8,0.2,0.001,0.001,0.11168565916093172,0.0018257867720713574
0.8,0.2,0.015,0.015,0.11151646510016408,0.0026420951556221425
0.8,0.2,0.1,0.1,0.1114890478937313,0.0038230185125692775
0.8,0.2,0.2,0.2,0.11108209173611114,0.005635469144976638
0.8,0.2,0.3,0.3,0.11036413890831116,0.009560958057255351
0.8,0.2,0.4,0.4,0.10964672574038056,0.014693222953875741
0.8,0.2,0.5,0.5,0.10897226977491413,0.023222603773053047
0.8,0.2,0.6,0.6,0.10782114895830233,0.0355836028944389
0.8,0.2,0.7,0.7,0.10612300777388008,0.04880150402183432
0.8,0.2,0.8,0.8,0.1063910686090884,0.05897915175306756
0.8,0.2,0.9,0.9,0.1067288593749173,0.06468029027157242
0.8,0.3,0.001,0.001,0.11134998818855124,0.0016712998275849936
0.8,0.3,0.015,0.015,0.111208750692801,0.0024314421741177122
0.8,0.3,0.1,0.1,0.11116710361132938,0.003415657600631973
0.8,0.3,0.2,0.2,0.11077418813114803,0.005003206521160092
0.8,0.3,0.3,0.3,0.11009854465864416,0.008633167051079988
0.8,0.3,0.4,0.4,0.10947949457811376,0.013272564703978366
0.8,0.3,0.5,0.5,0.1088755294903636,0.021182353873216483
0.8,0.3,0.6,0.6,0.10796275149237124,0.03237770053103961
0.8,0.3,0.7,0.7,0.1063353935812394,0.04445698499001901
0.8,0.3,0.8,0.8,0.1066163660661046,0.05421336571838852
0.8,0.3,0.9,0.9,0.10699606620964684,0.0597741747258733
0.8,0.4,0.001,0.001,0.11122395891668944,0.001306010436926583
0.8,0.4,0.015,0.015,0.11115305316393136,0.0018552506336807298
0.8,0.4,0.1,0.1,0.11109728178867444,0.0026424479403767496
0.8,0.4,0.2,0.2,0.11083091756504784,0.003808269893172717
0.8,0.4,0.3,0.3,0.11025363691543603,0.006959501638747164
0.8,0.4,0.4,0.4,0.10978955129471568,0.010838309583045163
0.8,0.4,0.5,0.5,0.10917147810433772,0.017679709541544183
0.8,0.4,0.6,0.6,0.10834314945996633,0.02641349967936887
0.8,0.4,0.7,0.7,0.10679911740806858,0.036621330309747256
0.8,0.4,0.8,0.8,0.10710835899504396,0.045576539612740996
0.8,0.4,0.9,0.9,0.10750228042755916,0.05094026278651813
0.8,0.5,0.001,0.001,0.11105403673464176,0.0008995169496592742
0.8,0.5,0.015,0.015,0.11103972722049224,0.0013360494196062265
0.8,0.5,0.1,0.1,0.1110398974204594,0.0018842824283197871
0.8,0.5,0.2,0.2,0.11089971029114316,0.002727193863813655
0.8,0.5,0.3,0.3,0.11049078626423932,0.005231462997108418
0.8,0.5,0.4,0.4,0.11013904182152676,0.00832338146054468
0.8,0.5,0.5,0.5,0.1095637339165538,0.013731329016877814
0.8,0.5,0.6,0.6,0.1089458704059582,0.02027045976121269
0.8,0.5,0.7,0.7,0.10771075278347264,0.02835323709930902
0.8,0.5,0.8,0.8,0.10795032916804552,0.036140847530324566
0.8,0.5,0.9,0.9,0.10830215148326164,0.04130753611063135
0.8,0.6,0.001,0.001,0.11116616469599352,0.0007869667160219138
0.8,0.6,0.015,0.015,0.11115178484103183,0.0011533878314502655
0.8,0.6,0.1,0.1,0.11113787053395673,0.0016453538638870747
0.8,0.6,0.2,0.2,0.11108178019306096,0.0022922162237021533
0.8,0.6,0.3,0.3,0.11078584040319064,0.004430818376633108
0.8,0.6,0.4,0.4,0.11050448357992007,0.007115548773714194
0.8,0.6,0.5,0.5,0.10997103900172936,0.011555795674170841
0.8,0.6,0.6,0.6,0.10943718987218287,0.017140052101345064
0.8,0.6,0.7,0.7,0.1082859613629303,0.0243649492209665
0.8,0.6,0.8,0.8,0.10848331234573964,0.031605287382615296
0.8,0.6,0.9,0.9,0.10883513842828664,0.03664559401147037
0.8,0.7,0.001,0.001,0.11163098693208023,0.0006322475124472372
0.8,0.7,0.015,0.015,0.11163093110461836,0.0009003447045951261
0.8,0.7,0.1,0.1,0.11161701679754324,0.0012936404464154196
0.8,0.7,0.2,0.2,0.11160314871038986,0.0017994730043415265
0.8,0.7,0.3,0.3,0.11136375794426676,0.003290928606303112
0.8,0.7,0.4,0.4,0.11118025108440176,0.005343034466564192
0.8,0.7,0.5,0.5,0.11066035590724924,0.008574376889379965
0.8,0.7,0.6,0.6,0.11023905526702388,0.01266791696396127
0.8,0.7,0.7,0.7,0.10934071750048606,0.018429775283002943
0.8,0.7,0.8,0.8,0.10938341688285907,0.02475595675659461
0.8,0.7,0.9,0.9,0.1096793062838904,0.029445372814398307
0.8,0.8,0.001,0.001,0.11231910670812456,0.00037930942718710935
0.8,0.8,0.015,0.015,0.112304958434214,0.0004496856642407832
0.8,0.8,0.1,0.1,0.112319102267309,0.0005901789650293541
0.8,0.8,0.2,0.2,0.11229107067957944,0.0008990143904723686
0.8,0.8,0.3,0.3,0.11217873359683472,0.0016723731492544714
0.8,0.8,0.4,0.4,0.1120942570667737,0.002600194859196728
0.8,0.8,0.5,0.5,0.11170061432642316,0.004372231611476398
0.8,0.8,0.6,0.6,0.11139114469490416,0.006651556533922479
0.8,0.8,0.7,0.7,0.11075996700423417,0.010207863380553213
0.8,0.8,0.8,0.8,0.11068936767700717,0.014763374368002931
0.8,0.8,0.9,0.9,0.11097075546213048,0.01868114511886831
0.8,0.9,0.001,0.001,0.11285614957110852,0.0001825599101435465
0.8,0.9,0.015,0.015,0.11285614957110852,0.0001825599101435465
0.8,0.9,0.1,0.1,0.11285614957110852,0.0001964256894003407
0.8,0.9,0.2,0.2,0.11285614957110852,0.00028061170882300534
0.8,0.9,0.3,0.3,0.11282818108018434,0.000505419891860952
0.8,0.9,0.4,0.4,0.11277198529096402,0.0006605065930223208
0.8,0.9,0.5,0.5,0.11271534300969405,0.0010401626773420905
0.8,0.9,0.6,0.6,0.1124617302826391,0.00189858899917568
0.8,0.9,0.7,0.7,0.11212534043821801,0.003782541169954772
0.8,0.9,0.8,0.8,0.11219492147443286,0.005692318500423362
0.8,0.9,0.9,0.9,0.1125176901864908,0.008218780238390802
0.9,0.001,0.001,0.001,0.11245988676201983,0.001306173594879175
0.9,0.001,0.015,0.015,0.11234695184309487,0.0016582244017619573
0.9,0.001,0.1,0.1,0.11222051613692773,0.0021076091433742377
0.9,0.001,0.2,0.2,0.11201004762182916,0.0026836012257676683
0.9,0.001,0.3,0.3,0.11179899873681218,0.0035422552158456944
0.9,0.001,0.4,0.4,0.11160244745027943,0.004694508134272846
0.9,0.001,0.5,0.5,0.11134923011701596,0.006605836310206227
0.9,0.001,0.6,0.6,0.11092727867474204,0.0105279870705926
0.9,0.001,0.7,0.7,0.1096633034463275,0.01701211469565175
0.9,0.001,0.8,0.8,0.1092690760702886,0.022676798462892663
0.9,0.001,0.9,0.9,0.10932639122411107,0.026272033089931045
0.9,0.015,0.001,0.001,0.11194008987844024,0.0011379083370659721
0.9,0.015,0.015,0.015,0.1118271549595153,0.0014899591439487539
0.9,0.015,0.1,0.1,0.1117571052967941,0.001770569613090969
0.9,0.015,0.2,0.2,0.11163067113464424,0.0021502933052074467
0.9,0.015,0.3,0.3,0.11143348802888403,0.002952978987234364
0.9,0.015,0.4,0.4,0.1112508025216081,0.004035031009927274
0.9,0.015,0.5,0.5,0.1110397358827992,0.0056793571735433614
0.9,0.015,0.6,0.6,0.11073006056262476,0.00917963956796861
0.9,0.015,0.7,0.7,0.10969121024117397,0.015029439001316085
0.9,0.015,0.8,0.8,0.10942321939087887,0.020455443812869758
0.9,0.015,0.9,0.9,0.10938190414428173,0.023923950259213112
0.9,0.1,0.001,0.001,0.1117287936261105,0.0010679535046845283
0.9,0.1,0.015,0.015,0.11163003506102737,0.001391954483807649
0.9,0.1,0.1,0.1,0.11155998539830614,0.0016445512075387828
0.9,0.1,0.2,0.2,0.11143355123615628,0.0019820366682049965
0.9,0.1,0.3,0.3,0.11127884317703417,0.002699736499386452
0.9,0.1,0.4,0.4,0.1110961576697582,0.0036968412715299853
0.9,0.1,0.5,0.5,0.11085671239487616,0.005200057252381953
0.9,0.1,0.6,0.6,0.11053338249747033,0.008418843089207666
0.9,0.1,0.7,0.7,0.10960720560795914,0.01376155617158393
0.9,0.1,0.8,0.8,0.10942401312637323,0.01892000495883193
0.9,0.1,0.9,0.9,0.10941050326680186,0.02229021437207112
0.9,0.2,0.001,0.001,0.1116855205107476,0.001011854138150072
0.9,0.2,0.015,0.015,0.11158676194566447,0.001335855117273193
0.9,0.2,0.1,0.1,0.11151671228294327,0.0015884518410043268
0.9,0.2,0.2,0.2,0.1113902781207934,0.0018978472721791653
0.9,0.2,0.3,0.3,0.11123557006167127,0.002587231590949256
0.9,0.2,0.4,0.4,0.11105288455439533,0.00358433636309279
0.9,0.2,0.5,0.5,0.11082753172596196,0.00505936745104735
0.9,0.2,0.6,0.6,0.11051844019313607,0.008109815230958328
0.9,0.2,0.7,0.7,0.10960620015017901,0.013311638335137871
0.9,0.2,0.8,0.8,0.10945140620613396,0.018356917843660704
0.9,0.2,0.9,0.9,0.1094378963465626,0.02171318414479726
0.9,0.3,0.001,0.001,0.1115454408030718,0.0009275336506492461
0.9,0.3,0.015,0.015,0.11146069569090347,0.001223488058698714
0.9,0.3,0.1,0.1,0.11139064602818224,0.001448053194700289
0.9,0.3,0.2,0.2,0.11127829637307464,0.0017433641188328744
0.9,0.3,0.3,0.3,0.11113766885464528,0.0024186678969102017
0.9,0.3,0.4,0.4,0.110969032237507,0.003331170606309284
0.9,0.3,0.5,0.5,0.11072966595615888,0.004778063947563736
0.9,0.3,0.6,0.6,0.11043438080947288,0.00754782501183435
0.9,0.3,0.7,0.7,0.1095507112185092,0.012328149190569269
0.9,0.3,0.8,0.8,0.10942336684975512,0.017204860389263242
0.9,0.3,0.9,0.9,0.10945176636789702,0.020449029897321683
0.9,0.4,0.001,0.001,0.1113627647677966,0.0007446776971009269
0.9,0.4,0.015,0.015,0.11132021006203403,0.0009842934248340566
0.9,0.4,0.1,0.1,0.11125016039931282,0.0012088585608356313
0.9,0.4,0.2,0.2,0.11119408997537464,0.0014338097131060099
0.9,0.4,0.3,0.3,0.11108156438548702,0.0020106667095717845
0.9,0.4,0.4,0.4,0.11092702021479746,0.002866965559650313
0.9,0.4,0.5,0.5,0.11068757891073716,0.004201419337164133
0.9,0.4,0.6,0.6,0.1103785800056426,0.0064651777005334575
0.9,0.4,0.7,0.7,0.10950851907295542,0.010781457194780152
0.9,0.4,0.8,0.8,0.10940970234555407,0.015250548156226363
0.9,0.4,0.9,0.9,0.10946651437129502,0.0183823848954085
0.9,0.5,0.001,0.001,0.11131928337188583,0.0005763775273981668
0.9,0.5,0.015,0.015,0.11131914855089003,0.0007594809239157968
0.9,0.5,0.1,0.1,0.1112910270104781,0.0009280848194492457
0.9,0.5,0.2,0.2,0.11126305058014753,0.001096752171355473
0.9,0.5,0.3,0.3,0.11119244624949788,0.0015473344327725624
0.9,0.5,0.4,0.4,0.11106564902664404,0.0022920147010746608
0.9,0.5,0.5,0.5,0.11084053511902776,0.003401262151032175
0.9,0.5,0.6,0.6,0.11063014041222943,0.005172029451939082
0.9,0.5,0.7,0.7,0.10988661088908856,0.008657778284541047
0.9,0.5,0.8,0.8,0.10970367815959164,0.012663076772127337
0.9,0.5,0.9,0.9,0.10973229709604927,0.015682355829745996
0.9,0.6,0.001,0.001,0.11136131132747523,0.000520145787090497
0.9,0.6,0.015,0.015,0.11134716305356468,0.0006611733876408517
0.9,0.6,0.1,0.1,0.11131904151315272,0.0008297772831743003
0.9,0.6,0.2,0.2,0.11130516945517754,0.0009702478162763944
0.9,0.6,0.3,0.3,0.11123456512452792,0.0013927559598154488
0.9,0.6,0.4,0.4,0.11110776790167408,0.0020534119801870173
0.9,0.6,0.5,0.5,0.11092464367723408,0.002980144104693644
0.9,0.6,0.6,0.6,0.11072811474969256,0.004568651948043765
0.9,0.6,0.7,0.7,0.11002666024646288,0.007702282854328147
0.9,0.6,0.8,0.8,0.10984343891038416,0.0115103234347475
0.9,0.6,0.9,0.9,0.109886185907958,0.014445224066871334
0.9,0.7,0.001,0.001,0.11138999996260593,0.0004639855571652265
0.9,0.7,0.015,0.015,0.11137585168869536,0.0005910700456129599
0.9,0.7,0.1,0.1,0.1113477301482834,0.0007454975873046165
0.9,0.7,0.2,0.2,0.11134787154322304,0.0008719546674919121
0.9,0.7,0.3,0.3,0.11129135965902212,0.0012377331274302733
0.9,0.7,0.4,0.4,0.11120654205419503,0.0017721105610211012
0.9,0.7,0.5,0.5,0.11102341782975504,0.002558519096032729
0.9,0.7,0.6,0.6,0.11088304039432467,0.0038522526023025963
0.9,0.7,0.7,0.7,0.11028005724905583,0.006507655922355038
0.9,0.7,0.8,0.8,0.10999820766639244,0.009935947792539982
0.9,0.7,0.9,0.9,0.11001289232091377,0.012632336054186843
0.9,0.8,0.001,0.001,0.11139028150222967,0.00029530696940389847
0.9,0.8,0.015,0.015,0.11137613322831907,0.00033750181438813444
0.9,0.8,0.1,0.1,0.11137613322831907,0.0003793991813744872
0.9,0.8,0.2,0.2,0.11136219011621648,0.00046350692505080037
0.9,0.8,0.3,0.3,0.11133400916728446,0.0005898028743142612
0.9,0.8,0.4,0.4,0.11126340774593038,0.0008567475478629652
0.9,0.8,0.5,0.5,0.11112250254642984,0.0013213269468455384
0.9,0.8,0.6,0.6,0.11101011279717388,0.00219378993246857
0.9,0.8,0.7,0.7,0.1105054108289187,0.0040342032165207615
0.9,0.8,0.8,0.8,0.11022360607533396,0.00662049718706457
0.9,0.8,0.9,0.9,0.11025182695206899,0.00889527267282712
0.9,0.9,0.001,0.001,0.11115279703532747,0.00014061231834764255
0.9,0.9,0.015,0.015,0.11115279703532747,0.00014061231834764255
0.9,0.9,0.1,0.1,0.11115279703532747,0.00015447809760443682
0.9,0.9,0.2,0.2,0.11115279703532747,0.0002105621884853661
0.9,0.9,0.3,0.3,0.11113869266297204,0.00023860967294341758
0.9,0.9,0.4,0.4,0.1111106027731152,0.000280642674902898
0.9,0.9,0.5,0.5,0.11111060674393697,0.00036511572528523297
0.9,0.9,0.6,0.6,0.11099772171525876,0.0006609888371026985
0.9,0.9,0.7,0.7,0.1107173643437992,0.0016310184046618922
0.9,0.9,0.8,0.8,0.11068839625166224,0.0028800803116328802
0.9,0.9,0.9,0.9,0.11084290997811712,0.004325873733734211
